"product_id","product_type","brand","weight","price","average_units_sold","year_added","stock_location"
1,"Bakery","TopBrand",602.61,11,15,2022,"C"
2,"Produce","SilverLake",478.26,8.08,22,2022,"C"
3,"Produce","TastyTreat",532.38,6.16,21,2018,"B"
4,"Bakery","StandardYums",453.43,7.26,21,2021,"D"
5,"Produce","GoldTree",588.63,7.88,21,2020,"A"
6,"Meat","TopBrand",612.06,16.2,24,2017,"A"
7,"Produce","GoldTree",320.49,8.01,21,2019,"B"
8,"Meat","SilverLake",535.19,15.77,28,2021,"A"
9,"Meat","StandardYums",375.07,11.57,30,2020,"A"
10,"Meat","TastyTreat",506.34,13.94,27,2018,"C"
11,"Dairy","StandardYums",345.07,9.26,26,2020,"B"
12,"Bakery","StandardYums",345.58,6.87,21,2022,"D"
13,"Snacks","SmoothTaste",512.54,8.65,19,2016,"A"
14,"Meat","StandardYums",395.76,11.92,30,2019,"A"
15,"Produce","SilverLake",324.92,7.94,23,2021,"D"
16,"Dairy","SmoothTaste",446.76,10.79,23,2017,"D"
17,"Snacks","TastyTreat",252.85,7.71,18,2016,"D"
18,"Produce","SilverLake",530.09,8.24,22,2015,"A"
19,"Meat","TastyTreat",459.59,13.62,26,2021,"B"
20,"Dairy","GoldTree",360.76,13.03,22,2019,"B"
21,"Produce","SmoothTaste",392.9,5.5,21,2015,"D"
22,"Produce","GoldTree",440.03,8.18,21,2022,"D"
23,"Dairy","GoldTree",533.58,13.07,22,2021,"C"
24,"Dairy","SmoothTaste",565.26,10.98,23,2018,"A"
25,"Dairy","SilverLake",633.95,12.81,24,2022,"A"
26,"Produce","TopBrand",471.68,8.11,19,2017,"A"
27,"Bakery","TopBrand",333.58,10.85,14,2015,"B"
28,"Dairy","TopBrand",328.38,13.01,20,2022,"D"
29,"Produce","TopBrand",551.03,8.18,19,2022,"B"
30,"Produce","StandardYums",644.38,5.18,26,2020,"B"
31,"Dairy","TopBrand",509.83,13.11,20,2021,"C"
32,"Produce","SilverLake",424.53,7.78,22,2018,"A"
33,"Snacks","YumMie",445.79,6.49,18,2017,"D"
34,"Produce","SilverLake",439.91,8.24,22,2015,"C"
35,"Bakery","StandardYums",452.56,7.25,20,2015,"A"
36,"Snacks","SmoothTaste",506.53,8.48,19,2020,"A"
37,"Snacks","YumMie",299.46,5.81,18,2018,"B"
38,"Produce","GoldTree",465.35,7.87,21,2018,"A"
39,"Snacks","StandardYums",508.59,5.88,22,2019,"D"
40,"Produce","TopBrand",551.32,7.97,19,2022,"A"
41,"Dairy","StandardYums",490.93,8.63,27,2022,"C"
42,"Dairy","SilverLake",433.51,12.56,24,2022,"A"
43,"Produce","GoldTree",591.3,8.15,21,2018,"A"
44,"Produce","TopBrand",401.76,7.77,19,2022,"A"
45,"Bakery","GoldTree",635.66,11.1,16,2017,"A"
46,"Produce","GoldTree",545.98,7.85,21,2015,"C"
47,"Dairy","TopBrand",592.92,12.86,20,2022,"D"
48,"Bakery","StandardYums",568.98,7.72,21,2015,"A"
49,"Produce","GoldTree",391.65,7.95,21,2022,"A"
50,"Dairy","GoldTree",548.67,12.75,22,2022,"C"
51,"Snacks","TopBrand",511.65,10.25,16,2021,"B"
52,"Meat","SilverLake",499.27,15.87,27,2019,"B"
53,"Meat","TopBrand",602.08,15.99,23,2021,"B"
54,"Bakery","YumMie",559.66,7.01,16,2015,"C"
55,"Produce","GoldTree",364.23,7.99,21,2017,"A"
56,"Bakery","Unknown",453.29,8.59,17,2021,"B"
57,"Meat","SmoothTaste",568.01,14.37,26,2015,"D"
58,"Dairy","SmoothTaste",642.23,11.11,23,2022,"C"
59,"Snacks","TastyTreat",585.91,7.83,18,2016,"A"
60,"Bakery","SilverLake",456.33,11.88,18,2019,"B"
61,"Produce","SilverLake",506.62,7.93,22,2018,"D"
62,"Meat","GoldTree",503,16.09,26,2019,"D"
63,"Produce","TastyTreat",623.82,5.98,21,2021,"B"
64,"Dairy","StandardYums",485.63,8.37,26,2022,"D"
65,"Meat","SilverLake",498.59,15.89,27,2015,"B"
66,"Meat","SilverLake",471.61,15.87,27,2019,"C"
67,"Produce","GoldTree",502.6,8.16,21,2016,"D"
68,"Bakery","StandardYums",493.22,6.99,21,2015,"A"
69,"Produce","SmoothTaste",517.17,5.79,22,2019,"D"
70,"Produce","SmoothTaste",353.63,5.72,22,2021,"B"
71,"Meat","TopBrand",460.38,15.78,23,2016,"D"
72,"Bakery","SmoothTaste",407.58,9.58,17,2018,"C"
73,"Snacks","TastyTreat",509.69,8.21,18,2021,"B"
74,"Produce","GoldTree",591.88,8.1,21,2022,"A"
75,"Produce","SmoothTaste",392.47,5.66,22,2020,"B"
76,"Produce","SmoothTaste",429.28,5.61,22,2020,"A"
77,"Meat","GoldTree",593.72,16.34,25,2021,"A"
78,"Produce","SmoothTaste",330.45,6.1,22,2017,"B"
79,"Dairy","SilverLake",469.69,12.86,23,2019,"D"
80,"Meat","TopBrand",589.84,16.03,24,2016,"C"
81,"Bakery","YumMie",401.34,6.85,16,2019,"A"
82,"Meat","SilverLake",307.33,16.11,28,2022,"B"
83,"Snacks","TastyTreat",469.84,8.31,18,2016,"D"
84,"Meat","SmoothTaste",484.47,14.63,26,2017,"D"
85,"Bakery","TopBrand",406.6,10.91,14,2020,"B"
86,"Snacks","TastyTreat",597.46,8.23,18,2022,"D"
87,"Bakery","TopBrand",428.52,11.05,15,2018,"A"
88,"Bakery","TastyTreat",591.73,8.38,16,2018,"D"
89,"Produce","GoldTree",482.56,7.94,21,2016,"B"
90,"Meat","SmoothTaste",480.59,14.64,27,2019,"C"
91,"Meat","SmoothTaste",533.11,13.58,26,2020,"C"
92,"Bakery","StandardYums",494.64,6.87,21,2019,"A"
93,"Bakery","StandardYums",515.04,6.77,22,2017,"B"
94,"Produce","GoldTree",422.15,8.2,21,2020,"C"
95,"Produce","GoldTree",656.56,7.98,21,2019,"D"
96,"Bakery","StandardYums",512.91,7.24,21,2020,"D"
97,"Meat","TastyTreat",446.41,13.84,26,2021,"C"
98,"Dairy","GoldTree",806.33,13.14,22,2019,"C"
99,"Snacks","YumMie",423.91,6.4,18,2017,"B"
100,"Bakery","StandardYums",505.7,6.6,21,2022,"A"
101,"Bakery","TastyTreat",410.06,10.11,17,2022,"B"
102,"Dairy","TastyTreat",576.97,11.12,22,2017,"C"
103,"Produce","GoldTree",485.66,7.96,21,2019,"D"
104,"Bakery","TastyTreat",581.52,8.95,17,2020,"A"
105,"Bakery","YumMie",487.64,6.87,16,2020,"A"
106,"Dairy","SmoothTaste",624.07,10.81,23,2021,"B"
107,"Produce","SilverLake",583.44,7.95,22,2022,"A"
108,"Meat","TopBrand",755.03,15.77,23,2020,"B"
109,"Snacks","StandardYums",500.94,5.74,22,2015,"B"
110,"Produce","SilverLake",435.41,8.01,22,2015,"D"
111,"Bakery","StandardYums",421.84,8.11,21,2018,"A"
112,"Produce","TopBrand",439.22,8.1,19,2017,"B"
113,"Meat","TastyTreat",541.37,14.4,26,2021,"D"
114,"Produce","SilverLake",348.91,7.58,23,2021,"B"
115,"Dairy","SmoothTaste",635.72,11.06,23,2016,"B"
116,"Dairy","StandardYums",473.15,8.87,26,2022,"B"
117,"Bakery","StandardYums",315.15,6.58,20,2021,"A"
118,"Bakery","SmoothTaste",533.97,8.75,18,2017,"B"
119,"Bakery","TopBrand",551.27,11.14,15,2022,"B"
120,"Bakery","SmoothTaste",499.26,8.53,17,2017,"C"
121,"Snacks","TastyTreat",326.76,8.36,18,2016,"D"
122,"Produce","TopBrand",582.3,8.01,19,2016,"D"
123,"Dairy","GoldTree",409.23,12.9,22,2018,"B"
124,"Meat","GoldTree",657.51,15.87,26,2015,"A"
125,"Dairy","SilverLake",710.8,12.84,23,2022,"A"
126,"Dairy","SmoothTaste",597.98,11.72,24,2019,"C"
127,"Snacks","TopBrand",531.5,10.12,16,2022,"C"
128,"Produce","GoldTree",458.33,8.01,21,2022,"B"
129,"Meat","StandardYums",445.3,11.48,30,2022,"A"
130,"Produce","SmoothTaste",547.81,6.17,22,2020,"D"
131,"Produce","StandardYums",614.52,6.52,25,2022,"B"
132,"Produce","TastyTreat",608.52,5.68,21,2017,"C"
133,"Bakery","TastyTreat",549.72,9.62,19,2022,"D"
134,"Produce","TopBrand",411.78,7.95,19,2022,"B"
135,"Produce","TopBrand",442.41,8.14,19,2019,"D"
136,"Snacks","StandardYums",638.43,6.02,22,2018,"B"
137,"Meat","GoldTree",458.59,16.1,25,2016,"B"
138,"Meat","StandardYums",541.56,11.79,31,2018,"A"
139,"Bakery","SilverLake",560.36,10.95,18,2016,"C"
140,"Meat","TopBrand",595.01,16.05,24,2022,"A"
141,"Dairy","TopBrand",488.82,12.82,20,2016,"A"
142,"Produce","GoldTree",601.69,8.08,21,2015,"A"
143,"Produce","SilverLake",449.25,7.61,23,2022,"C"
144,"Bakery","GoldTree",654.94,10.98,16,2017,"C"
145,"Bakery","SilverLake",463.26,10.99,18,2018,"C"
146,"Produce","TopBrand",234.22,8,19,2016,"A"
147,"Snacks","StandardYums",545.98,6.37,23,2016,"B"
148,"Bakery","TastyTreat",741.56,8.82,17,2020,"D"
149,"Meat","GoldTree",530.92,16.12,25,2016,"A"
150,"Snacks","StandardYums",540.12,5.98,22,2020,"A"
151,"Dairy","StandardYums",453.82,8.81,26,2017,"D"
152,"Dairy","GoldTree",650.92,13,22,2017,"C"
153,"Bakery","SilverLake",420.81,10.7,18,2022,"A"
154,"Meat","SilverLake",650.06,16.98,27,2022,"D"
155,"Produce","SilverLake",632.29,8.17,22,2017,"B"
156,"Bakery","YumMie",454.11,7.19,16,2020,"D"
157,"Produce","GoldTree",565.97,7.98,21,2021,"D"
158,"Bakery","TopBrand",609.17,10.76,14,2022,"A"
159,"Snacks","GoldTree",577.48,10.14,18,2015,"D"
160,"Dairy","SilverLake",661.41,13.41,24,2016,"D"
161,"Dairy","SmoothTaste",564.98,11.54,23,2019,"A"
162,"Produce","GoldTree",600.46,7.86,21,2015,"C"
163,"Meat","StandardYums",504.4,12.05,30,2018,"B"
164,"Bakery","TastyTreat",595.32,8.85,17,2017,"C"
165,"Meat","StandardYums",455.37,12.89,30,2020,"A"
166,"Dairy","GoldTree",521.69,13.17,22,2018,"C"
167,"Bakery","StandardYums",554.1,7.38,21,2022,"C"
168,"Produce","GoldTree",604.41,8.1,21,2018,"A"
169,"Snacks","YumMie",419,6.11,17,2019,"A"
170,"Bakery","GoldTree",387.4,10.97,16,2022,"D"
171,"Dairy","GoldTree",397.03,12.9,22,2016,"A"
172,"Dairy","TopBrand",603.34,12.87,20,2019,"D"
173,"Dairy","StandardYums",429.66,8.91,27,2020,"A"
174,"Produce","SmoothTaste",413.13,5.63,22,2021,"D"
175,"Meat","GoldTree",536.63,16.09,25,2019,"A"
176,"Meat","SilverLake",558.29,15.81,27,2020,"A"
177,"Meat","TopBrand",528.11,16.15,24,2018,"A"
178,"Bakery","TastyTreat",569.66,8.91,16,2022,"B"
179,"Produce","SilverLake",600.9,7.91,23,2020,"D"
180,"Snacks","StandardYums",482.07,5.2,22,2022,"D"
181,"Snacks","TopBrand",627.31,10.17,16,2019,"D"
182,"Meat","SmoothTaste",543.14,13.88,26,2018,"A"
183,"Produce","GoldTree",485.16,7.92,21,2020,"B"
184,"Produce","GoldTree",594.13,7.9,21,2015,"C"
185,"Dairy","SilverLake",519.19,12.88,23,2016,"A"
186,"Produce","TopBrand",553.51,7.98,19,2017,"B"
187,"Meat","GoldTree",609.9,15.81,25,2019,"A"
188,"Produce","SilverLake",725.64,7.82,22,2017,"C"
189,"Meat","StandardYums",311.86,12.92,31,2021,"C"
190,"Snacks","TastyTreat",458.84,8.49,18,2021,"D"
191,"Dairy","SilverLake",360.63,13.05,24,2016,"B"
192,"Meat","SmoothTaste",468.48,14.28,28,2015,"B"
193,"Produce","GoldTree",438.48,7.84,21,2022,"A"
194,"Produce","TastyTreat",414.27,6.5,21,2021,"C"
195,"Produce","SmoothTaste",427.73,6.25,22,2022,"B"
196,"Produce","TopBrand",594.65,7.99,19,2020,"B"
197,"Dairy","TopBrand",431.35,12.75,20,2019,"C"
198,"Meat","StandardYums",467.09,12.32,30,2017,"B"
199,"Meat","SilverLake",485.88,15.66,27,2021,"B"
200,"Bakery","YumMie",614.85,7.36,16,2016,"C"
201,"Meat","SilverLake",655.35,16.84,27,2016,"A"
202,"Bakery","StandardYums",549.45,6.95,20,2018,"A"
203,"Snacks","TastyTreat",543.53,7.92,18,2020,"D"
204,"Produce","GoldTree",423.83,7.95,21,2016,"B"
205,"Produce","GoldTree",481.88,7.98,21,2019,"C"
206,"Meat","GoldTree",624.79,16.02,25,2022,"C"
207,"Meat","SilverLake",582.62,16.04,27,2019,"C"
208,"Bakery","TastyTreat",384.7,8.73,18,2015,"A"
209,"Bakery","TopBrand",581.73,11.03,14,2017,"A"
210,"Bakery","TastyTreat",496.91,9.48,16,2021,"D"
211,"Bakery","StandardYums",252.9,6.74,22,2016,"D"
212,"Dairy","TastyTreat",507.73,11.09,22,2020,"A"
213,"Meat","TopBrand",588.49,16.59,24,2019,"B"
214,"Snacks","YumMie",408.17,6.23,18,2019,"B"
215,"Bakery","TopBrand",425.42,10.85,14,2017,"A"
216,"Dairy","SilverLake",417.85,13.33,23,2015,"D"
217,"Meat","SilverLake",607.39,15.97,27,2016,"A"
218,"Produce","StandardYums",415.5,4.47,27,2020,"C"
219,"Dairy","TastyTreat",541.84,10.86,22,2017,"A"
220,"Produce","GoldTree",586.86,8,21,2018,"C"
221,"Bakery","YumMie",427.91,7.1,16,2019,"A"
222,"Produce","SmoothTaste",450.57,5.56,21,2022,"D"
223,"Bakery","TopBrand",643.81,10.99,14,2019,"A"
224,"Produce","TopBrand",508.29,8.5,19,2015,"C"
225,"Bakery","SmoothTaste",598.32,8.61,17,2019,"C"
226,"Bakery","SmoothTaste",462.24,9.19,17,2018,"B"
227,"Dairy","SilverLake",538.99,13.43,23,2015,"B"
228,"Bakery","TastyTreat",520.67,8.78,17,2018,"A"
229,"Meat","YumMie",420.59,12.04,25,2021,"B"
230,"Bakery","StandardYums",380.11,6.72,21,2022,"B"
231,"Produce","StandardYums",389.4,3.91,25,2021,"A"
232,"Meat","GoldTree",481.55,16.01,25,2021,"A"
233,"Produce","SilverLake",367.84,7.58,23,2017,"C"
234,"Dairy","SmoothTaste",331.19,11.06,23,2021,"A"
235,"Bakery","SmoothTaste",557.87,9.57,18,2021,"B"
236,"Produce","SilverLake",652.71,7.91,22,2021,"D"
237,"Produce","SmoothTaste",634.98,5.76,22,2022,"D"
238,"Dairy","TopBrand",623.76,12.64,20,2022,"D"
239,"Produce","GoldTree",388.75,7.98,21,2016,"A"
240,"Meat","SmoothTaste",586.92,13.75,27,2022,"C"
241,"Dairy","TopBrand",532.7,13.36,21,2017,"D"
242,"Meat","TastyTreat",379.44,14.12,25,2022,"C"
243,"Snacks","TopBrand",483.09,9.95,16,2022,"B"
244,"Produce","GoldTree",534.95,7.82,21,2020,"A"
245,"Bakery","TastyTreat",313.71,8.51,17,2015,"B"
246,"Meat","GoldTree",667.53,15.84,25,2022,"A"
247,"Bakery","GoldTree",608.96,11.03,16,2022,"B"
248,"Dairy","SilverLake",406.22,13.01,24,2019,"D"
249,"Dairy","StandardYums",592.29,10.16,27,2020,"A"
250,"Dairy","TastyTreat",436.55,11.17,22,2022,"B"
251,"Produce","TastyTreat",403.38,5.53,21,2021,"B"
252,"Produce","StandardYums",314.33,3.89,25,2022,"D"
253,"Produce","SilverLake",548.44,8.05,23,2019,"D"
254,"Meat","TastyTreat",515.32,14.02,26,2019,"D"
255,"Produce","GoldTree",554.99,7.86,21,2019,"C"
256,"Meat","TopBrand",545.09,16.02,24,2021,"B"
257,"Produce","Unknown",425.05,7.87,23,2016,"A"
258,"Meat","GoldTree",385.64,16.12,26,2017,"C"
259,"Dairy","SmoothTaste",410.5,11.49,23,2015,"B"
260,"Bakery","GoldTree",500.71,11,16,2020,"A"
261,"Dairy","TastyTreat",565.03,10.51,22,2018,"D"
262,"Snacks","TastyTreat",516.43,7.74,19,2017,"D"
263,"Meat","TastyTreat",581.49,14.39,26,2018,"B"
264,"Meat","TopBrand",669.59,15.88,24,2020,"C"
265,"Bakery","TastyTreat",537.19,9.14,17,2019,"D"
266,"Dairy","TastyTreat",498.14,10.94,22,2021,"A"
267,"Produce","SmoothTaste",417.58,5.56,22,2022,"A"
268,"Bakery","StandardYums",579.37,7.06,21,2016,"A"
269,"Produce","YumMie",538.12,4.08,21,2021,"C"
270,"Dairy","StandardYums",409.56,8.43,26,2022,"B"
271,"Meat","TopBrand",440.14,16.08,23,2021,"B"
272,"Produce","SmoothTaste",562.68,6.29,21,2018,"A"
273,"Produce","TastyTreat",331.87,5.77,22,2019,"B"
274,"Meat","GoldTree",461.45,16.07,26,2022,"C"
275,"Dairy","SmoothTaste",358.22,11.1,23,2022,"A"
276,"Snacks","SmoothTaste",539.47,9.05,19,2020,"C"
277,"Bakery","TastyTreat",411.67,10.44,17,2020,"B"
278,"Produce","SmoothTaste",493.42,5.96,22,2015,"D"
279,"Bakery","TopBrand",482.86,10.74,14,2019,"A"
280,"Meat","StandardYums",431.98,12.26,30,2022,"B"
281,"Produce","SmoothTaste",460.94,5.9,23,2015,"A"
282,"Bakery","GoldTree",475.33,11.17,16,2022,"D"
283,"Produce","SilverLake",680.89,7.95,23,2019,"A"
284,"Produce","SilverLake",573.37,7.83,23,2017,"D"
285,"Snacks","TastyTreat",591.22,8.09,18,2016,"B"
286,"Bakery","TopBrand",601.96,11.02,14,2015,"C"
287,"Dairy","SilverLake",726.95,13.37,23,2015,"D"
288,"Bakery","SmoothTaste",540.2,9.74,17,2022,"D"
289,"Meat","GoldTree",584.94,16.22,25,2022,"B"
290,"Bakery","TastyTreat",480.79,9.19,17,2020,"B"
291,"Meat","TastyTreat",537.87,13.6,26,2016,"A"
292,"Meat","TastyTreat",390.76,15.27,26,2017,"D"
293,"Dairy","YumMie",697.9,9.07,22,2021,"B"
294,"Bakery","TastyTreat",456.77,9.3,18,2022,"B"
295,"Bakery","GoldTree",528.46,11.1,16,2022,"A"
296,"Dairy","SilverLake",470.47,12.86,23,2022,"B"
297,"Meat","StandardYums",497.55,11.86,30,2015,"B"
298,"Snacks","TastyTreat",442.93,8.19,18,2016,"B"
299,"Snacks","YumMie",477.15,5.86,18,2022,"C"
300,"Dairy","TastyTreat",458.44,10.75,23,2018,"A"
301,"Meat","SmoothTaste",595.67,14.24,27,2018,"C"
302,"Bakery","TastyTreat",472.99,9.18,17,2022,"C"
303,"Meat","StandardYums",378.89,11.95,30,2015,"D"
304,"Produce","StandardYums",471.03,4.22,25,2022,"C"
305,"Bakery","TastyTreat",530.72,8.96,16,2021,"B"
306,"Bakery","TopBrand",525.13,10.8,14,2021,"D"
307,"Meat","StandardYums",605.06,12.52,31,2022,"B"
308,"Dairy","YumMie",577.78,8.95,22,2022,"B"
309,"Produce","GoldTree",606.12,8.09,21,2022,"D"
310,"Meat","TopBrand",649.15,16.15,24,2015,"A"
311,"Bakery","StandardYums",608.32,6.87,20,2019,"C"
312,"Dairy","SilverLake",481.37,12.85,24,2018,"C"
313,"Dairy","StandardYums",467.57,8.97,26,2022,"D"
314,"Dairy","TastyTreat",592.27,11.15,22,2015,"B"
315,"Produce","GoldTree",579.97,7.97,21,2018,"C"
316,"Produce","GoldTree",541.7,7.84,21,2022,"D"
317,"Bakery","StandardYums",570.87,6.69,21,2022,"C"
318,"Dairy","StandardYums",317.4,8.93,26,2020,"D"
319,"Meat","GoldTree",548.89,16.17,26,2017,"D"
320,"Produce","GoldTree",440.09,8.02,21,2022,"A"
321,"Meat","SmoothTaste",390.28,14.26,26,2015,"D"
322,"Produce","SmoothTaste",530.01,5.97,22,2019,"C"
323,"Produce","SilverLake",431.25,8.25,23,2019,"A"
324,"Produce","SilverLake",473.15,7.93,22,2018,"B"
325,"Meat","GoldTree",639.9,16.01,26,2022,"C"
326,"Produce","TopBrand",370.59,8.46,19,2015,"D"
327,"Meat","TopBrand",512.69,15.88,24,2022,"B"
328,"Meat","GoldTree",478.59,16.12,26,2015,"A"
329,"Produce","TopBrand",462.55,8.1,19,2016,"B"
330,"Bakery","StandardYums",375.21,6.95,21,2022,"C"
331,"Produce","Unknown",391.71,8.09,21,2021,"B"
332,"Dairy","TastyTreat",461.98,11.13,22,2015,"C"
333,"Meat","StandardYums",516.59,11.85,30,2020,"B"
334,"Produce","TopBrand",658.41,8,18,2018,"A"
335,"Meat","GoldTree",392.56,15.91,25,2017,"D"
336,"Produce","TopBrand",448.65,7.98,19,2017,"C"
337,"Dairy","GoldTree",580.48,12.99,22,2021,"D"
338,"Bakery","TopBrand",559.48,11.11,15,2018,"B"
339,"Bakery","TopBrand",317.57,11.26,15,2022,"A"
340,"Meat","GoldTree",722.01,16.09,25,2022,"C"
341,"Dairy","TopBrand",417.19,13.12,20,2017,"D"
342,"Dairy","YumMie",494.42,8.83,22,2021,"A"
343,"Produce","GoldTree",526.8,8.33,21,2019,"A"
344,"Bakery","TopBrand",389.96,10.77,14,2021,"C"
345,"Dairy","TastyTreat",512.44,11,23,2015,"B"
346,"Produce","GoldTree",767.9,8.05,21,2022,"C"
347,"Produce","SilverLake",448.58,8.78,22,2020,"C"
348,"Dairy","StandardYums",559.85,8.73,27,2017,"C"
349,"Meat","TopBrand",551.94,15.62,23,2019,"C"
350,"Bakery","TopBrand",457.15,10.87,14,2022,"C"
351,"Produce","TastyTreat",549.93,6,21,2015,"A"
352,"Produce","TopBrand",488.93,7.91,19,2022,"C"
353,"Bakery","SmoothTaste",468.71,8.51,17,2019,"C"
354,"Dairy","SilverLake",412.62,13.06,24,2021,"D"
355,"Produce","SilverLake",465.21,7.8,23,2020,"C"
356,"Meat","SilverLake",600.58,15.98,27,2020,"B"
357,"Meat","StandardYums",502.55,12.71,30,2018,"C"
358,"Meat","TopBrand",501.26,15.8,23,2022,"B"
359,"Bakery","TastyTreat",552,8.84,17,2018,"B"
360,"Bakery","TastyTreat",480.81,9.1,16,2020,"A"
361,"Meat","GoldTree",631.67,15.99,26,2016,"C"
362,"Meat","GoldTree",421.2,15.89,26,2016,"B"
363,"Produce","GoldTree",547.56,7.93,21,2020,"C"
364,"Dairy","StandardYums",558.27,8.57,26,2022,"D"
365,"Dairy","SilverLake",484.54,12.74,23,2022,"D"
366,"Bakery","GoldTree",474.07,11.15,16,2022,"B"
367,"Bakery","StandardYums",477.89,7.12,22,2019,"B"
368,"Produce","Unknown",543.87,7.96,21,2015,"D"
369,"Dairy","TastyTreat",483.28,10.9,23,2017,"A"
370,"Snacks","TastyTreat",592.79,7.6,19,2015,"D"
371,"Dairy","Unknown",360.31,10.41,22,2022,"B"
372,"Produce","GoldTree",514.04,7.91,21,2015,"B"
373,"Produce","SilverLake",472.55,8.07,22,2020,"A"
374,"Produce","SmoothTaste",339.33,6.24,21,2017,"C"
375,"Bakery","TopBrand",583.26,11.38,14,2018,"A"
376,"Bakery","SmoothTaste",505.65,9.39,17,2021,"B"
377,"Dairy","YumMie",334.73,9.16,22,2021,"C"
378,"Bakery","YumMie",640.7,6.92,16,2021,"D"
379,"Produce","GoldTree",594.87,8.02,21,2022,"A"
380,"Dairy","SilverLake",644.56,12.83,24,2022,"D"
381,"Produce","GoldTree",542.83,7.89,21,2019,"B"
382,"Bakery","GoldTree",650.76,11.05,16,2016,"B"
383,"Produce","SilverLake",374.59,7.71,22,2020,"C"
384,"Dairy","StandardYums",504.26,9.25,28,2016,"B"
385,"Meat","SmoothTaste",541.26,13.56,27,2015,"D"
386,"Bakery","StandardYums",487.71,7.16,21,2021,"B"
387,"Dairy","SilverLake",622.05,13.08,23,2022,"A"
388,"Produce","GoldTree",522.61,7.81,21,2018,"D"
389,"Bakery","StandardYums",495.55,6.79,21,2015,"B"
390,"Meat","SilverLake",602.26,16.06,27,2020,"D"
391,"Bakery","StandardYums",513.38,6.94,21,2022,"A"
392,"Bakery","StandardYums",329.37,6.96,20,2022,"B"
393,"Dairy","GoldTree",380.7,12.81,22,2016,"B"
394,"Dairy","SmoothTaste",438.29,10.77,22,2020,"C"
395,"Meat","SilverLake",684.24,16.05,27,2021,"C"
396,"Bakery","SmoothTaste",354.76,9.38,17,2015,"A"
397,"Produce","TopBrand",546.21,8.47,19,2021,"A"
398,"Produce","GoldTree",396.13,7.76,21,2016,"A"
399,"Produce","TastyTreat",544.35,5.65,21,2022,"C"
400,"Dairy","SilverLake",551.36,12.68,23,2019,"C"
401,"Dairy","GoldTree",411.33,12.95,22,2016,"D"
402,"Bakery","StandardYums",538.06,6.94,21,2017,"B"
403,"Snacks","GoldTree",435.62,9.99,18,2017,"C"
404,"Snacks","TopBrand",700.35,9.84,16,2018,"B"
405,"Produce","SilverLake",463.19,7.87,23,2020,"D"
406,"Bakery","SmoothTaste",503.79,8.57,17,2020,"B"
407,"Produce","Unknown",506.11,8.53,23,2021,"A"
408,"Bakery","TastyTreat",529.89,8.79,17,2021,"B"
409,"Bakery","GoldTree",338.54,10.78,16,2022,"C"
410,"Produce","TopBrand",598.44,8.03,19,2018,"D"
411,"Snacks","SilverLake",301.83,10.24,19,2018,"A"
412,"Snacks","StandardYums",461.92,5.81,22,2019,"A"
413,"Dairy","SilverLake",431.07,12.82,23,2016,"A"
414,"Bakery","StandardYums",406.05,6.92,21,2017,"A"
415,"Produce","SilverLake",287.1,8.63,22,2015,"D"
416,"Produce","TastyTreat",435.19,5.76,21,2016,"D"
417,"Bakery","SmoothTaste",390.88,8.82,18,2021,"A"
418,"Bakery","SmoothTaste",715.17,8.69,17,2019,"C"
419,"Dairy","GoldTree",580.42,12.84,22,2022,"B"
420,"Meat","SilverLake",693.59,16.01,27,2018,"B"
421,"Bakery","SilverLake",650.79,10.74,18,2021,"D"
422,"Dairy","TopBrand",233.93,12.99,20,2019,"D"
423,"Snacks","YumMie",489.53,6.19,18,2021,"C"
424,"Produce","GoldTree",480.8,8.01,21,2022,"B"
425,"Bakery","SilverLake",604.57,11.19,18,2019,"C"
426,"Snacks","YumMie",517.98,6.14,18,2022,"C"
427,"Bakery","TopBrand",421,11.68,15,2022,"B"
428,"Produce","SmoothTaste",648.47,5.58,22,2016,"B"
429,"Produce","GoldTree",352.26,7.95,21,2021,"C"
430,"Dairy","SilverLake",578.71,12.87,23,2016,"D"
431,"Meat","TopBrand",508.65,15.78,23,2015,"D"
432,"Bakery","SilverLake",613.24,10.88,18,2019,"D"
433,"Dairy","TopBrand",457.31,12.79,20,2017,"B"
434,"Dairy","TopBrand",499.6,13.36,20,2018,"C"
435,"Produce","GoldTree",443.55,8.09,21,2020,"D"
436,"Snacks","GoldTree",501.16,10.04,18,2019,"B"
437,"Produce","TopBrand",485.51,7.97,19,2015,"A"
438,"Meat","GoldTree",493.47,16.03,26,2020,"C"
439,"Dairy","SmoothTaste",454.11,10.9,23,2019,"B"
440,"Dairy","GoldTree",629.7,13.12,22,2016,"C"
441,"Produce","SilverLake",459.02,8.03,23,2021,"B"
442,"Produce","StandardYums",653.23,4.75,26,2017,"C"
443,"Produce","SmoothTaste",333.53,6.37,22,2022,"A"
444,"Produce","GoldTree",555.42,7.97,21,2022,"C"
445,"Produce","GoldTree",492.96,8.13,21,2022,"B"
446,"Produce","TastyTreat",380.6,5.93,21,2019,"A"
447,"Bakery","SmoothTaste",502.73,8.84,17,2015,"B"
448,"Dairy","TopBrand",590.39,12.79,20,2020,"C"
449,"Snacks","YumMie",118.57,5.97,18,2015,"C"
450,"Snacks","TastyTreat",644.19,7.62,19,2022,"D"
451,"Bakery","TastyTreat",497,9.04,18,2017,"B"
452,"Produce","GoldTree",591.45,8.05,21,2015,"D"
453,"Snacks","YumMie",411.38,5.84,18,2015,"A"
454,"Bakery","StandardYums",425.54,7.13,21,2021,"D"
455,"Bakery","TopBrand",616.32,10.87,14,2020,"D"
456,"Snacks","SmoothTaste",568.2,7.86,18,2019,"D"
457,"Bakery","GoldTree",522.51,11.08,16,2016,"A"
458,"Produce","SilverLake",355.94,7.93,22,2018,"D"
459,"Produce","TopBrand",387.92,7.8,19,2020,"D"
460,"Produce","TopBrand",530.42,7.92,19,2017,"D"
461,"Dairy","TastyTreat",289.37,10.62,23,2019,"B"
462,"Dairy","TopBrand",505.88,12.7,20,2017,"D"
463,"Snacks","StandardYums",613.87,6.14,23,2017,"D"
464,"Dairy","TastyTreat",367.77,10.96,22,2022,"B"
465,"Meat","TopBrand",541.06,16.02,23,2017,"B"
466,"Dairy","StandardYums",535.39,9.01,27,2022,"A"
467,"Produce","SmoothTaste",548.94,5.77,22,2021,"A"
468,"Bakery","SilverLake",235.25,11.02,18,2018,"C"
469,"Meat","SilverLake",488.54,16.03,28,2016,"B"
470,"Dairy","YumMie",499.38,8.93,22,2019,"B"
471,"Bakery","SilverLake",447.84,11.27,18,2021,"B"
472,"Produce","GoldTree",365.27,8.08,21,2020,"C"
473,"Produce","GoldTree",548.22,7.87,21,2022,"D"
474,"Dairy","StandardYums",567.46,9.68,27,2022,"D"
475,"Bakery","StandardYums",493.61,7.7,21,2020,"C"
476,"Snacks","YumMie",423.82,6.22,18,2022,"B"
477,"Bakery","SilverLake",645.27,11.19,18,2019,"B"
478,"Dairy","TastyTreat",483.15,10.88,22,2015,"B"
479,"Dairy","SilverLake",275.57,13.04,24,2022,"A"
480,"Meat","StandardYums",455.41,12.1,31,2021,"D"
481,"Bakery","StandardYums",465.68,8.26,21,2019,"D"
482,"Produce","StandardYums",500.81,4.69,26,2019,"B"
483,"Produce","SmoothTaste",757.88,6.04,22,2022,"C"
484,"Bakery","YumMie",562.48,7.34,16,2021,"D"
485,"Meat","SilverLake",371.49,15.87,27,2019,"B"
486,"Bakery","SilverLake",598.78,10.67,18,2022,"C"
487,"Meat","SilverLake",573.57,15.77,27,2022,"B"
488,"Bakery","YumMie",501.98,7.19,16,2022,"C"
489,"Produce","GoldTree",444.1,7.86,21,2022,"A"
490,"Bakery","StandardYums",577.85,7.18,22,2019,"C"
491,"Bakery","StandardYums",468.34,6.56,21,2019,"C"
492,"Produce","GoldTree",469.15,8.01,21,2015,"D"
493,"Meat","TopBrand",419.86,15.69,23,2020,"B"
494,"Produce","GoldTree",508.75,8.01,21,2020,"C"
495,"Meat","Unknown",423.94,15.89,24,2019,"A"
496,"Produce","StandardYums",463.63,5.14,25,2018,"B"
497,"Dairy","Unknown",310.78,11.05,23,2021,"C"
498,"Bakery","StandardYums",467.13,6.53,21,2018,"B"
499,"Meat","SilverLake",620.59,15.93,27,2016,"C"
500,"Produce","GoldTree",787.96,8.05,21,2021,"D"
501,"Bakery","Unknown",688.01,8.98,17,2022,"B"
502,"Produce","GoldTree",562.57,8,21,2022,"A"
503,"Meat","SilverLake",579.54,16.4,27,2016,"D"
504,"Dairy","StandardYums",372.23,9.2,26,2020,"A"
505,"Snacks","YumMie",388.77,6.09,18,2021,"C"
506,"Bakery","StandardYums",589.56,6.86,21,2018,"B"
507,"Dairy","YumMie",416.09,9.05,22,2021,"D"
508,"Snacks","SmoothTaste",482.2,7.58,19,2021,"A"
509,"Produce","SilverLake",600.68,7.94,22,2022,"A"
510,"Meat","StandardYums",485.79,12.38,31,2016,"A"
511,"Bakery","StandardYums",486.41,7.1,20,2022,"D"
512,"Meat","GoldTree",630.38,16.01,26,2016,"C"
513,"Meat","TastyTreat",522.49,14.04,26,2022,"C"
514,"Bakery","StandardYums",359.45,7.18,21,2015,"C"
515,"Bakery","TastyTreat",719.67,9.3,17,2019,"C"
516,"Bakery","GoldTree",346.73,11.08,16,2022,"A"
517,"Bakery","TastyTreat",458.09,8.66,16,2017,"B"
518,"Produce","GoldTree",567.6,8,21,2017,"B"
519,"Meat","SilverLake",581.49,16.03,27,2016,"C"
520,"Dairy","SilverLake",523.34,12.93,23,2020,"A"
521,"Produce","TastyTreat",484.39,6.33,21,2017,"A"
522,"Produce","GoldTree",350.64,8.03,21,2020,"C"
523,"Bakery","GoldTree",565.71,10.79,16,2022,"A"
524,"Bakery","StandardYums",507.27,6.52,21,2022,"A"
525,"Meat","TastyTreat",516.01,13.7,26,2021,"A"
526,"Meat","TastyTreat",463.01,13.77,27,2015,"B"
527,"Produce","GoldTree",267.75,7.93,21,2016,"A"
1056,"Meat","Unknown",457.53,16.1,25,2022,"A"
528,"Dairy","SmoothTaste",637.46,10.82,23,2017,"B"
529,"Produce","SmoothTaste",527.38,5.6,22,2017,"B"
530,"Bakery","TastyTreat",474.4,9.11,17,2015,"A"
531,"Produce","GoldTree",560.35,8.09,21,2018,"A"
532,"Snacks","StandardYums",624.69,6.56,22,2020,"D"
533,"Dairy","GoldTree",525.38,13.06,22,2016,"C"
534,"Meat","SilverLake",437.2,16.46,27,2015,"D"
535,"Bakery","SmoothTaste",290,8.58,17,2015,"A"
536,"Produce","GoldTree",515.82,7.96,21,2019,"D"
537,"Dairy","SmoothTaste",309.46,10.73,23,2016,"C"
538,"Meat","TopBrand",559.52,15.97,24,2021,"C"
539,"Produce","GoldTree",490.33,7.86,21,2017,"C"
540,"Bakery","TastyTreat",583.29,8.73,16,2021,"A"
541,"Bakery","TastyTreat",347.71,8.94,17,2020,"D"
542,"Produce","GoldTree",513.37,8,21,2017,"B"
543,"Produce","GoldTree",511.76,8.05,21,2019,"A"
544,"Produce","GoldTree",527.47,8.01,21,2018,"D"
545,"Meat","StandardYums",526.59,13.14,30,2017,"B"
546,"Produce","GoldTree",637.51,8.1,21,2022,"B"
547,"Produce","GoldTree",480.86,8.07,21,2019,"C"
548,"Produce","GoldTree",615.81,7.87,21,2016,"B"
549,"Meat","Unknown",660.35,13.81,26,2017,"D"
550,"Bakery","YumMie",422.59,7.02,16,2021,"D"
551,"Dairy","TopBrand",203.14,12.61,20,2022,"A"
552,"Dairy","TastyTreat",600.86,10.9,22,2017,"D"
553,"Produce","SilverLake",695.27,7.75,22,2015,"A"
554,"Produce","SilverLake",467.61,7.87,23,2022,"A"
555,"Meat","StandardYums",573.35,11.81,30,2018,"C"
556,"Dairy","SmoothTaste",423.71,10.53,23,2016,"D"
557,"Snacks","YumMie",581.47,6.42,18,2021,"A"
558,"Meat","SilverLake",324.7,16.44,27,2020,"C"
559,"Bakery","StandardYums",630.31,7.53,22,2020,"B"
560,"Snacks","TastyTreat",691.97,8.2,18,2019,"C"
561,"Dairy","StandardYums",536.44,8.68,26,2022,"A"
562,"Dairy","SmoothTaste",539.12,11.41,23,2022,"B"
563,"Produce","TopBrand",527.59,8.17,19,2018,"A"
564,"Meat","SilverLake",641.31,16.13,27,2015,"B"
565,"Dairy","TastyTreat",557.99,11.34,23,2020,"B"
566,"Produce","GoldTree",587.46,7.93,21,2022,"A"
567,"Produce","SilverLake",300.67,8.27,22,2015,"B"
568,"Dairy","TastyTreat",674.53,11.36,22,2016,"A"
569,"Produce","SmoothTaste",382.49,5.69,22,2020,"A"
570,"Dairy","GoldTree",563.56,13.09,22,2017,"C"
571,"Bakery","StandardYums",434.02,6.33,21,2022,"D"
572,"Meat","GoldTree",584.64,15.89,25,2020,"B"
573,"Bakery","TastyTreat",498.4,9.37,17,2019,"A"
574,"Bakery","SmoothTaste",504.92,9.13,17,2022,"D"
575,"Meat","TastyTreat",514.88,14.63,26,2022,"B"
576,"Meat","GoldTree",582.81,16.27,25,2016,"C"
577,"Bakery","TastyTreat",374.77,9.25,17,2019,"D"
578,"Bakery","YumMie",556.94,6.98,16,2022,"A"
579,"Dairy","SilverLake",541.83,12.77,23,2019,"D"
580,"Dairy","SilverLake",722.27,12.88,23,2022,"A"
581,"Produce","SilverLake",455.38,7.91,23,2022,"D"
582,"Meat","YumMie",529.17,11.94,25,2021,"C"
583,"Meat","TastyTreat",314.46,13.86,26,2022,"D"
584,"Bakery","TopBrand",427.54,10.92,15,2021,"C"
585,"Meat","TopBrand",659.3,15.85,24,2019,"D"
586,"Produce","GoldTree",509.61,8.05,21,2018,"A"
587,"Dairy","TopBrand",546.89,13.15,20,2016,"D"
588,"Bakery","TastyTreat",520.19,8.89,17,2015,"B"
589,"Bakery","SilverLake",425.45,10.7,18,2017,"D"
590,"Snacks","SilverLake",357.77,9.72,20,2020,"A"
591,"Dairy","GoldTree",363.53,12.98,22,2022,"C"
592,"Produce","GoldTree",544.31,8.07,21,2018,"B"
593,"Meat","SilverLake",645.71,16.08,27,2015,"B"
594,"Dairy","GoldTree",637.37,13.14,22,2020,"C"
595,"Bakery","YumMie",435.59,6.77,16,2022,"D"
596,"Produce","StandardYums",202.86,3.93,25,2015,"A"
597,"Dairy","SilverLake",571.55,13.48,23,2021,"B"
598,"Produce","SmoothTaste",408.06,7.54,22,2021,"A"
599,"Meat","SilverLake",642.77,16.29,27,2015,"B"
600,"Meat","SmoothTaste",554.82,13.58,26,2018,"C"
601,"Produce","GoldTree",634.02,7.99,21,2015,"C"
602,"Meat","TastyTreat",537.58,15.69,27,2016,"C"
603,"Dairy","TastyTreat",552.18,11.88,22,2018,"B"
604,"Snacks","TastyTreat",499.4,7.94,18,2018,"C"
605,"Produce","StandardYums",374.87,3.78,25,2018,"D"
606,"Snacks","TastyTreat",401.87,7.94,18,2019,"A"
607,"Meat","TastyTreat",423.35,13.88,25,2021,"C"
608,"Produce","GoldTree",437.93,7.91,21,2016,"D"
609,"Produce","TopBrand",457.48,8.53,19,2022,"D"
610,"Meat","TastyTreat",546.97,13.89,26,2018,"A"
611,"Meat","SilverLake",499.41,16,27,2015,"C"
612,"Bakery","YumMie",491.41,6.8,16,2022,"B"
613,"Snacks","YumMie",615.11,6.33,18,2016,"D"
614,"Dairy","TastyTreat",505.02,10.68,22,2015,"B"
615,"Dairy","TastyTreat",539.8,11.16,23,2019,"C"
616,"Dairy","StandardYums",603.95,8.53,26,2017,"B"
617,"Dairy","SilverLake",389.93,12.82,24,2015,"B"
618,"Dairy","GoldTree",619.42,13.02,22,2017,"A"
619,"Meat","TopBrand",663.21,16.17,24,2015,"C"
620,"Snacks","StandardYums",664.74,6.86,22,2021,"A"
621,"Snacks","YumMie",629.94,6.34,17,2015,"B"
622,"Produce","GoldTree",454.51,7.97,21,2018,"C"
623,"Meat","TastyTreat",566.73,14.12,26,2015,"C"
624,"Dairy","GoldTree",652.69,12.9,22,2015,"B"
625,"Produce","TastyTreat",548.5,5.64,21,2021,"D"
626,"Produce","YumMie",463.66,4.35,21,2020,"A"
627,"Produce","TastyTreat",456.71,5.53,22,2016,"C"
628,"Snacks","StandardYums",480.42,6.57,22,2017,"C"
629,"Produce","Unknown",424.94,8.3,21,2020,"A"
630,"Bakery","SilverLake",486.24,11.03,18,2015,"A"
631,"Meat","YumMie",483.85,12.05,25,2020,"B"
632,"Produce","GoldTree",509.87,7.84,21,2021,"C"
633,"Produce","GoldTree",659.29,8.09,21,2022,"D"
634,"Produce","SmoothTaste",422.65,6.05,22,2021,"A"
635,"Produce","SmoothTaste",472.74,6.36,23,2021,"B"
636,"Produce","TopBrand",532.71,7.8,19,2022,"B"
637,"Dairy","TopBrand",686.56,13.28,20,2020,"D"
638,"Bakery","YumMie",571.34,6.88,16,2016,"D"
639,"Produce","GoldTree",463.11,8.04,21,2021,"C"
640,"Snacks","TopBrand",465.39,10.28,16,2019,"D"
641,"Meat","SilverLake",545.38,15.98,27,2016,"C"
642,"Produce","GoldTree",499.97,8,21,2020,"D"
643,"Produce","GoldTree",578.03,7.97,21,2018,"D"
644,"Bakery","StandardYums",515.87,8.24,21,2021,"D"
645,"Dairy","StandardYums",208.23,8.42,26,2021,"B"
646,"Meat","SilverLake",543.97,15.98,27,2022,"D"
647,"Meat","GoldTree",515.63,15.99,26,2022,"B"
648,"Dairy","SilverLake",517.09,13.44,23,2015,"B"
649,"Meat","TopBrand",405.93,16.17,23,2022,"D"
650,"Produce","TopBrand",445.05,8.12,19,2016,"C"
651,"Meat","TopBrand",472.6,16.05,23,2019,"A"
652,"Meat","TastyTreat",308.03,13.52,26,2022,"D"
653,"Dairy","TastyTreat",654.71,11.68,22,2020,"C"
654,"Bakery","SmoothTaste",580.52,8.79,18,2015,"C"
655,"Produce","StandardYums",418.08,4.04,25,2015,"C"
656,"Bakery","GoldTree",474.36,10.94,16,2021,"A"
657,"Dairy","GoldTree",593.62,12.94,22,2020,"A"
658,"Meat","SmoothTaste",415.22,14.38,26,2016,"A"
659,"Produce","TastyTreat",671.09,5.6,21,2022,"B"
660,"Produce","SilverLake",496.16,7.88,22,2015,"B"
661,"Produce","GoldTree",536.9,7.91,21,2018,"B"
662,"Bakery","TastyTreat",759.76,9.36,17,2016,"D"
663,"Meat","SmoothTaste",394.05,14.51,26,2015,"A"
664,"Produce","SilverLake",522.37,8,23,2018,"C"
665,"Meat","GoldTree",371.65,15.9,26,2016,"C"
666,"Produce","GoldTree",522.06,8.01,21,2018,"C"
667,"Dairy","TastyTreat",625.38,10.71,23,2022,"C"
668,"Produce","TopBrand",488.36,7.94,19,2020,"A"
669,"Produce","TopBrand",375.86,8.05,19,2022,"B"
670,"Produce","GoldTree",556.01,7.88,21,2016,"C"
671,"Dairy","StandardYums",659.85,8.84,27,2020,"B"
672,"Produce","GoldTree",796.02,8.08,21,2016,"D"
673,"Produce","StandardYums",496.08,3.83,26,2019,"B"
674,"Produce","GoldTree",467.04,8.12,21,2018,"B"
675,"Meat","SmoothTaste",428.96,14.1,26,2021,"A"
676,"Bakery","TopBrand",551.4,11.01,14,2017,"D"
677,"Snacks","TastyTreat",504.68,8.36,18,2018,"C"
678,"Produce","GoldTree",583.56,8.1,21,2018,"D"
679,"Produce","GoldTree",404.3,8.13,21,2019,"C"
680,"Dairy","SmoothTaste",496.24,10.92,24,2021,"B"
681,"Meat","SmoothTaste",434.05,14.71,27,2016,"B"
682,"Meat","SmoothTaste",486.81,13.96,26,2015,"A"
683,"Bakery","TopBrand",506.82,10.78,15,2017,"B"
684,"Bakery","SilverLake",560.17,11.02,18,2018,"D"
685,"Snacks","StandardYums",456.38,5.98,23,2021,"A"
686,"Produce","SmoothTaste",455.02,6.24,22,2019,"A"
687,"Produce","StandardYums",352.1,4.13,26,2020,"C"
688,"Meat","SilverLake",554.39,15.81,28,2020,"D"
689,"Produce","TastyTreat",258.66,6.31,21,2022,"A"
690,"Meat","SilverLake",443.6,15.66,28,2020,"A"
691,"Meat","GoldTree",428.96,15.96,25,2019,"A"
692,"Snacks","SmoothTaste",410.91,8.35,19,2015,"C"
693,"Produce","TastyTreat",463.87,5.86,21,2019,"D"
694,"Produce","GoldTree",426.9,7.93,21,2019,"D"
695,"Bakery","SilverLake",400.98,10.92,18,2022,"C"
696,"Bakery","GoldTree",512.58,11.08,16,2022,"D"
697,"Meat","TopBrand",524.27,15.81,24,2021,"D"
698,"Bakery","StandardYums",572.3,6.68,23,2022,"A"
699,"Snacks","StandardYums",445.15,5.55,22,2018,"D"
700,"Bakery","YumMie",480.89,7.29,16,2016,"B"
701,"Bakery","SmoothTaste",527.63,9.15,17,2015,"C"
702,"Bakery","SilverLake",450.79,11.3,18,2019,"C"
703,"Meat","SilverLake",518.79,15.81,27,2015,"D"
704,"Meat","GoldTree",382.17,16.15,25,2017,"B"
705,"Dairy","YumMie",450.13,8.78,22,2021,"A"
706,"Produce","TastyTreat",491.72,5.63,21,2022,"D"
707,"Produce","SilverLake",485.08,8.11,22,2018,"A"
708,"Produce","TastyTreat",339.76,5.77,21,2016,"A"
709,"Produce","GoldTree",481.68,8.14,21,2021,"A"
710,"Produce","SilverLake",522.57,7.86,23,2019,"D"
711,"Dairy","GoldTree",486.14,12.84,22,2021,"B"
712,"Meat","SilverLake",330.44,15.82,27,2022,"C"
713,"Dairy","TastyTreat",489.69,11.84,22,2017,"B"
714,"Meat","TastyTreat",402.75,14.06,26,2020,"D"
715,"Dairy","TastyTreat",708.31,10.78,23,2020,"D"
716,"Produce","TopBrand",412.8,8.19,19,2022,"C"
717,"Produce","GoldTree",532.65,8.27,21,2020,"B"
718,"Dairy","Unknown",649.2,12.87,23,2016,"B"
719,"Bakery","StandardYums",543.17,7.07,21,2020,"B"
720,"Meat","SilverLake",534.2,15.97,27,2022,"A"
721,"Bakery","StandardYums",397.02,7.58,21,2017,"C"
722,"Dairy","StandardYums",501.89,8.62,26,2020,"B"
723,"Bakery","StandardYums",465.13,7.24,21,2020,"C"
724,"Dairy","TopBrand",612.18,12.94,20,2017,"C"
725,"Dairy","GoldTree",701.3,13.06,22,2018,"D"
726,"Dairy","YumMie",307.01,9.06,22,2022,"C"
727,"Bakery","TastyTreat",569.53,9.46,18,2016,"B"
728,"Produce","TastyTreat",472.79,5.6,22,2022,"D"
729,"Produce","GoldTree",356.98,7.92,21,2020,"C"
730,"Snacks","TastyTreat",479.01,8.42,19,2017,"C"
731,"Produce","GoldTree",488.68,7.92,21,2022,"B"
732,"Meat","GoldTree",428.87,16.24,26,2022,"B"
733,"Meat","StandardYums",499.25,11.76,31,2018,"D"
734,"Snacks","StandardYums",269.6,5.59,23,2019,"D"
735,"Bakery","StandardYums",505.94,7.47,20,2022,"A"
736,"Produce","SilverLake",375.97,7.96,23,2019,"B"
737,"Dairy","TastyTreat",621.67,11.39,22,2016,"B"
738,"Bakery","TastyTreat",462.09,9.18,18,2018,"B"
739,"Snacks","TastyTreat",403.08,8.37,19,2017,"C"
740,"Dairy","StandardYums",466.28,8.65,26,2022,"D"
741,"Snacks","TastyTreat",268.38,7.57,18,2020,"D"
742,"Snacks","TopBrand",580.97,10.03,16,2022,"B"
743,"Dairy","StandardYums",555.28,9.01,27,2022,"D"
744,"Dairy","TastyTreat",590.06,11.11,22,2015,"A"
745,"Produce","GoldTree",377.59,7.99,21,2018,"C"
746,"Dairy","SmoothTaste",548.96,11.36,22,2018,"A"
747,"Produce","GoldTree",510.88,7.79,21,2018,"C"
748,"Produce","GoldTree",522.21,7.85,21,2016,"D"
749,"Dairy","TastyTreat",418.16,11.1,22,2019,"D"
750,"Produce","TastyTreat",555.44,5.64,22,2018,"A"
751,"Produce","GoldTree",485.78,7.87,21,2015,"B"
752,"Meat","StandardYums",663.79,12.54,30,2018,"C"
753,"Meat","YumMie",430.5,12.03,25,2018,"C"
754,"Produce","StandardYums",340.74,4.9,26,2018,"C"
755,"Meat","SmoothTaste",462.29,14.45,26,2022,"B"
756,"Bakery","StandardYums",533.38,8,20,2018,"B"
757,"Snacks","TastyTreat",462.57,7.81,18,2022,"B"
758,"Dairy","GoldTree",485.49,13.02,22,2020,"A"
759,"Bakery","TastyTreat",667.35,8.65,16,2018,"D"
760,"Produce","GoldTree",539.29,8.08,21,2015,"B"
761,"Dairy","StandardYums",416.26,8.83,27,2019,"B"
762,"Produce","GoldTree",462.68,7.94,21,2020,"C"
763,"Meat","StandardYums",574.83,12.42,30,2017,"D"
764,"Produce","TastyTreat",386.46,6.48,21,2016,"D"
765,"Meat","SmoothTaste",541.52,13.56,27,2016,"A"
766,"Meat","TastyTreat",669.42,14.03,26,2019,"D"
767,"Bakery","StandardYums",434.16,6.8,21,2022,"C"
768,"Bakery","StandardYums",422.51,6.81,22,2018,"A"
769,"Dairy","TopBrand",478.03,13.97,20,2022,"A"
770,"Dairy","StandardYums",403.11,9.17,26,2018,"C"
771,"Snacks","YumMie",573.55,6,17,2019,"D"
772,"Dairy","StandardYums",576.24,8.73,26,2022,"D"
773,"Produce","YumMie",522.54,3.87,21,2016,"D"
774,"Produce","GoldTree",496.92,7.93,21,2017,"C"
775,"Snacks","YumMie",404.27,5.76,17,2022,"A"
776,"Produce","StandardYums",546.61,3.62,25,2015,"D"
777,"Produce","SilverLake",318.91,7.52,23,2016,"C"
778,"Produce","TopBrand",554.18,7.93,19,2018,"D"
779,"Bakery","TopBrand",305.39,10.72,15,2018,"C"
780,"Snacks","TastyTreat",376.96,8,18,2016,"D"
781,"Bakery","StandardYums",460.82,6.78,21,2019,"A"
782,"Produce","TastyTreat",567.67,5.72,23,2015,"C"
783,"Bakery","SmoothTaste",428.63,9.82,17,2021,"D"
784,"Dairy","SmoothTaste",499.03,10.67,23,2015,"A"
785,"Meat","SilverLake",577.97,16.01,28,2019,"C"
786,"Produce","GoldTree",582.48,7.95,21,2016,"D"
787,"Bakery","StandardYums",408.07,7.24,20,2022,"C"
788,"Dairy","SmoothTaste",591.6,11.08,23,2016,"B"
789,"Bakery","SmoothTaste",548,8.99,17,2016,"D"
790,"Dairy","TastyTreat",358.11,11.14,23,2017,"B"
791,"Snacks","SilverLake",557.06,10.35,19,2015,"B"
792,"Dairy","SmoothTaste",472.97,11.07,23,2022,"C"
793,"Produce","GoldTree",619.97,7.85,21,2021,"A"
794,"Meat","SmoothTaste",661.83,14.27,26,2016,"D"
795,"Produce","StandardYums",574.05,3.62,25,2022,"B"
796,"Bakery","TopBrand",489.74,11.18,14,2021,"B"
797,"Snacks","StandardYums",369.37,6.21,23,2022,"A"
798,"Produce","TopBrand",479.96,7.95,19,2021,"B"
799,"Meat","SmoothTaste",332.54,13.98,27,2019,"C"
800,"Bakery","GoldTree",488.25,10.92,17,2022,"C"
801,"Bakery","TopBrand",460.96,10.87,15,2018,"A"
802,"Meat","TastyTreat",556.89,13.73,26,2020,"B"
803,"Dairy","SmoothTaste",538.78,10.4,23,2019,"B"
804,"Meat","StandardYums",522.65,12.1,31,2015,"A"
805,"Snacks","StandardYums",408.64,5.48,22,2017,"B"
806,"Snacks","YumMie",423.71,6.01,18,2017,"A"
807,"Bakery","StandardYums",467.14,7.67,20,2022,"B"
808,"Meat","TastyTreat",416.87,13.85,26,2015,"D"
809,"Bakery","SilverLake",458.19,10.73,18,2018,"B"
810,"Bakery","TastyTreat",509.06,8.74,16,2018,"C"
811,"Meat","StandardYums",644.14,11.64,30,2015,"C"
812,"Meat","StandardYums",394.8,12.09,30,2016,"D"
813,"Meat","GoldTree",488.12,16.12,25,2015,"C"
814,"Meat","TastyTreat",556.92,13.85,26,2021,"B"
815,"Snacks","TastyTreat",350.72,8.22,19,2016,"C"
816,"Meat","StandardYums",536.8,12.5,30,2022,"B"
817,"Produce","GoldTree",557.32,8.1,21,2015,"A"
818,"Dairy","SmoothTaste",643.88,10.84,23,2019,"C"
819,"Bakery","TastyTreat",527.78,8.87,17,2018,"B"
820,"Produce","GoldTree",473.35,7.91,21,2017,"A"
821,"Dairy","StandardYums",531.62,9.09,26,2018,"A"
822,"Snacks","YumMie",230.35,5.93,18,2016,"A"
823,"Meat","SilverLake",566.78,16.17,28,2022,"B"
824,"Bakery","SmoothTaste",333.39,8.8,17,2017,"D"
825,"Produce","TopBrand",391.2,8.35,19,2021,"D"
826,"Produce","SmoothTaste",410.35,5.53,22,2015,"B"
827,"Meat","GoldTree",648.74,15.97,25,2022,"A"
828,"Bakery","YumMie",622.65,6.79,16,2022,"A"
829,"Meat","GoldTree",693.13,16.12,25,2015,"A"
830,"Snacks","SmoothTaste",488.68,7.8,19,2021,"B"
831,"Produce","TopBrand",494.25,7.93,19,2017,"D"
832,"Produce","GoldTree",568.54,8.01,21,2015,"C"
833,"Produce","GoldTree",533.31,7.8,21,2022,"D"
834,"Produce","Unknown",560.95,8.06,19,2021,"C"
835,"Meat","SmoothTaste",674.87,13.96,27,2015,"B"
836,"Meat","GoldTree",569.77,16,25,2015,"C"
837,"Dairy","GoldTree",554.75,13.16,22,2022,"C"
838,"Meat","GoldTree",612.88,16.07,25,2016,"C"
839,"Produce","TastyTreat",414.41,5.64,21,2017,"A"
840,"Produce","GoldTree",420.43,8.01,21,2018,"C"
841,"Dairy","TopBrand",469.26,13.4,20,2019,"D"
842,"Meat","SilverLake",631.32,16.13,27,2022,"D"
843,"Produce","GoldTree",480.42,8.02,21,2022,"D"
844,"Dairy","TopBrand",687.52,12.84,20,2016,"B"
845,"Meat","TastyTreat",701.53,14.25,26,2021,"B"
846,"Dairy","SmoothTaste",547.56,10.84,23,2016,"B"
847,"Produce","GoldTree",262.63,8.08,21,2018,"D"
848,"Produce","TopBrand",319.35,8.03,19,2015,"C"
849,"Meat","GoldTree",408.24,15.86,25,2022,"A"
850,"Produce","GoldTree",495.85,7.84,21,2021,"C"
851,"Dairy","SilverLake",528.71,13.07,24,2019,"B"
852,"Produce","SilverLake",357.96,7.73,22,2020,"B"
853,"Dairy","SilverLake",643.38,12.92,24,2022,"A"
854,"Dairy","GoldTree",360.87,13.12,22,2022,"C"
855,"Produce","GoldTree",458.46,7.94,21,2017,"D"
856,"Produce","GoldTree",423.69,8,21,2016,"B"
857,"Bakery","TopBrand",429.34,10.97,14,2021,"B"
858,"Meat","GoldTree",419.68,16.04,26,2017,"D"
859,"Snacks","YumMie",462.34,6.52,17,2017,"C"
860,"Snacks","TastyTreat",658.31,7.84,18,2021,"A"
861,"Dairy","TopBrand",543.48,12.74,20,2017,"B"
862,"Meat","SilverLake",357.34,15.76,27,2020,"C"
863,"Dairy","TopBrand",595.04,12.96,20,2020,"A"
864,"Dairy","YumMie",496.24,9.03,22,2018,"A"
865,"Snacks","YumMie",500.49,5.85,18,2016,"D"
866,"Meat","TastyTreat",430.03,14.48,26,2018,"B"
867,"Meat","SmoothTaste",437.35,13.55,27,2018,"B"
868,"Meat","TopBrand",430.19,15.8,24,2015,"D"
869,"Bakery","StandardYums",481.29,7.09,21,2018,"A"
870,"Snacks","YumMie",428.06,6.15,18,2016,"B"
871,"Snacks","YumMie",686.68,6.01,18,2022,"D"
872,"Meat","SilverLake",655.16,16.9,27,2022,"A"
873,"Meat","TastyTreat",529.45,13.82,27,2016,"C"
874,"Produce","GoldTree",436.03,8.29,21,2015,"C"
875,"Dairy","GoldTree",582.01,12.81,22,2017,"A"
876,"Bakery","SilverLake",571.5,11.23,18,2017,"B"
877,"Snacks","TastyTreat",475.24,7.77,18,2017,"B"
878,"Bakery","SilverLake",453.01,10.82,18,2016,"A"
879,"Produce","GoldTree",710.28,7.9,21,2022,"C"
880,"Produce","SilverLake",700.29,8.16,23,2020,"B"
881,"Produce","GoldTree",554.21,7.97,21,2017,"D"
882,"Produce","GoldTree",492.06,8.29,21,2019,"A"
883,"Meat","SilverLake",525.3,16.01,27,2020,"A"
884,"Dairy","StandardYums",381.76,8.66,26,2021,"C"
885,"Meat","GoldTree",633.4,16.03,25,2016,"A"
886,"Bakery","SilverLake",634.19,11.16,18,2017,"C"
887,"Produce","SmoothTaste",537.93,5.61,22,2019,"D"
888,"Produce","GoldTree",651.62,8.17,21,2017,"C"
889,"Produce","GoldTree",404.16,7.97,21,2016,"C"
890,"Bakery","TastyTreat",577,11.3,18,2020,"A"
891,"Dairy","TopBrand",520.4,12.85,20,2016,"B"
892,"Meat","GoldTree",516.22,16.12,26,2018,"B"
893,"Bakery","GoldTree",592.66,11.01,16,2022,"A"
894,"Meat","SmoothTaste",500.79,13.73,27,2016,"A"
895,"Meat","TastyTreat",461.54,14.65,26,2021,"C"
896,"Meat","TastyTreat",582.38,13.8,26,2022,"D"
897,"Produce","GoldTree",570.88,8,21,2022,"C"
898,"Bakery","SilverLake",496.1,11.43,18,2016,"D"
899,"Produce","SmoothTaste",322.47,5.91,22,2015,"A"
900,"Produce","StandardYums",381.43,3.59,26,2021,"D"
901,"Bakery","YumMie",451.51,7.05,16,2020,"A"
902,"Bakery","TastyTreat",658.05,8.63,17,2021,"B"
903,"Meat","TopBrand",493.26,16.06,24,2020,"B"
904,"Produce","GoldTree",510.86,8,21,2016,"B"
905,"Produce","SmoothTaste",480.88,6.74,22,2016,"A"
906,"Bakery","TastyTreat",448.71,8.68,16,2017,"C"
907,"Dairy","TastyTreat",611.51,10.79,22,2015,"D"
908,"Snacks","TopBrand",422.09,9.72,16,2017,"B"
909,"Meat","TastyTreat",342.83,14.35,26,2015,"D"
910,"Meat","GoldTree",651.77,16.15,26,2015,"D"
911,"Snacks","StandardYums",372.16,5.87,23,2018,"B"
912,"Dairy","GoldTree",568.04,13.09,22,2019,"C"
913,"Produce","SmoothTaste",506.24,6,22,2016,"C"
914,"Snacks","StandardYums",479.42,5.79,22,2021,"C"
915,"Meat","SilverLake",588.66,16.31,27,2018,"B"
916,"Bakery","SilverLake",741.99,10.93,18,2017,"A"
917,"Meat","SilverLake",491.28,16.38,27,2022,"B"
918,"Bakery","TastyTreat",410.48,9.07,16,2016,"B"
919,"Produce","StandardYums",337.73,3.54,25,2019,"B"
920,"Produce","TopBrand",374.34,7.92,19,2020,"B"
921,"Produce","Unknown",294.34,4.15,26,2022,"A"
922,"Meat","TopBrand",378.93,15.96,24,2020,"A"
923,"Bakery","TopBrand",546.23,11.13,14,2017,"B"
924,"Dairy","StandardYums",559.07,9.18,26,2022,"B"
925,"Meat","StandardYums",407.44,12.14,30,2022,"D"
926,"Produce","TopBrand",492.04,8.47,19,2017,"A"
927,"Snacks","StandardYums",619.32,6.57,22,2022,"C"
928,"Produce","GoldTree",534.55,7.81,21,2015,"C"
929,"Produce","GoldTree",552.54,7.94,21,2021,"C"
930,"Produce","GoldTree",447.72,7.99,21,2019,"A"
931,"Dairy","StandardYums",589.18,8.83,26,2018,"C"
932,"Meat","TopBrand",427.62,15.98,23,2020,"B"
933,"Dairy","StandardYums",562.06,8.75,26,2022,"D"
934,"Produce","StandardYums",411.87,3.48,25,2017,"A"
935,"Meat","GoldTree",498.34,15.87,26,2022,"D"
936,"Bakery","StandardYums",513.75,6.7,21,2022,"C"
937,"Bakery","TastyTreat",450.55,10.43,17,2017,"B"
938,"Meat","SilverLake",511.24,15.67,27,2021,"B"
939,"Bakery","YumMie",490.53,7.13,16,2018,"B"
940,"Produce","StandardYums",415.66,4.41,25,2016,"C"
941,"Produce","GoldTree",454.66,7.95,21,2022,"C"
942,"Dairy","SilverLake",433.21,12.59,23,2022,"B"
943,"Produce","StandardYums",447.36,4,25,2016,"B"
944,"Meat","SmoothTaste",426.48,13.63,26,2020,"D"
945,"Bakery","SmoothTaste",470.75,9.45,17,2022,"B"
946,"Bakery","StandardYums",431.09,7.27,21,2022,"C"
947,"Dairy","TopBrand",563.26,12.79,20,2018,"A"
948,"Produce","TastyTreat",523.86,6.86,21,2021,"C"
949,"Produce","TastyTreat",697.46,5.57,21,2016,"C"
950,"Bakery","StandardYums",522.42,7.55,21,2021,"C"
951,"Bakery","TastyTreat",427.63,9.42,17,2021,"D"
952,"Produce","GoldTree",566.44,7.89,21,2015,"C"
953,"Produce","GoldTree",447.06,8.03,21,2019,"D"
954,"Produce","SilverLake",449.93,7.96,23,2017,"B"
955,"Bakery","TastyTreat",536.43,9.55,17,2018,"C"
956,"Dairy","Unknown",511.35,13.12,23,2021,"C"
957,"Snacks","TopBrand",506.9,10.16,16,2019,"C"
958,"Produce","GoldTree",487.38,8.17,21,2021,"D"
959,"Dairy","YumMie",421.22,8.92,22,2016,"D"
960,"Dairy","SmoothTaste",491.44,10.79,22,2022,"B"
961,"Snacks","SmoothTaste",314.51,9.03,18,2018,"A"
962,"Bakery","StandardYums",491.6,6.63,21,2017,"C"
963,"Dairy","SmoothTaste",500.29,11.19,22,2022,"C"
964,"Produce","GoldTree",423.43,7.87,21,2019,"B"
965,"Produce","GoldTree",501.74,7.88,21,2019,"B"
966,"Bakery","YumMie",376.36,6.98,16,2022,"A"
967,"Bakery","TastyTreat",505.82,8.69,16,2020,"A"
968,"Snacks","YumMie",559.11,5.86,17,2021,"B"
969,"Produce","TopBrand",378.71,8.43,19,2019,"C"
970,"Meat","TastyTreat",386.44,13.68,26,2022,"D"
971,"Bakery","StandardYums",433.73,7.51,21,2020,"A"
972,"Dairy","SmoothTaste",465.13,10.78,23,2018,"B"
973,"Meat","SilverLake",523.16,15.69,28,2018,"D"
974,"Produce","TopBrand",445.32,8.14,19,2022,"D"
975,"Bakery","TastyTreat",392.24,8.9,16,2017,"D"
976,"Produce","SmoothTaste",583.46,5.63,22,2019,"A"
977,"Bakery","TastyTreat",345.3,8.81,17,2016,"B"
978,"Bakery","YumMie",506.83,6.86,16,2020,"C"
979,"Meat","GoldTree",447.7,16.16,26,2021,"D"
980,"Bakery","TastyTreat",574.78,9.08,17,2020,"B"
981,"Bakery","TopBrand",528.68,10.72,15,2019,"A"
982,"Produce","GoldTree",644.73,8.12,21,2016,"C"
983,"Snacks","TopBrand",436.97,10,16,2016,"D"
984,"Meat","GoldTree",548.22,16.08,26,2016,"A"
985,"Produce","GoldTree",521.05,8.01,21,2017,"D"
986,"Meat","SmoothTaste",440.23,13.54,26,2018,"C"
987,"Meat","SmoothTaste",579.83,14.02,27,2021,"B"
988,"Meat","GoldTree",593.38,15.91,26,2022,"C"
989,"Meat","SilverLake",475.7,15.68,28,2016,"A"
990,"Bakery","TastyTreat",393.44,8.85,17,2021,"D"
991,"Meat","TastyTreat",531.89,14.91,26,2016,"A"
992,"Meat","TopBrand",481.92,15.67,24,2015,"A"
993,"Produce","SilverLake",512.21,8.08,22,2019,"B"
994,"Dairy","StandardYums",541.4,8.41,26,2022,"D"
995,"Produce","SilverLake",541.52,7.84,22,2020,"B"
996,"Meat","StandardYums",382.44,12,31,2018,"A"
997,"Produce","SilverLake",328.63,8.01,23,2016,"B"
998,"Produce","StandardYums",446.42,3.9,25,2019,"C"
999,"Produce","TastyTreat",582.24,6,22,2016,"C"
1000,"Dairy","TastyTreat",573.99,10.89,22,2022,"C"
1001,"Produce","SilverLake",462.59,8.03,23,2020,"D"
1002,"Produce","TastyTreat",466.54,5.64,21,2016,"D"
1003,"Dairy","StandardYums",478.87,8.89,27,2022,"C"
1004,"Produce","TopBrand",365.17,7.78,19,2015,"B"
1005,"Bakery","SmoothTaste",564.63,8.56,17,2015,"D"
1006,"Dairy","StandardYums",515.77,8.74,26,2022,"D"
1007,"Bakery","GoldTree",336.87,10.82,16,2017,"D"
1008,"Meat","SilverLake",566.87,16.48,27,2022,"B"
1009,"Bakery","GoldTree",637.73,10.97,16,2019,"B"
1010,"Bakery","SmoothTaste",490.94,8.8,18,2016,"D"
1011,"Bakery","SmoothTaste",380.33,8.94,17,2017,"D"
1012,"Meat","TastyTreat",596.41,14.61,26,2015,"D"
1013,"Dairy","TastyTreat",414.26,11.69,22,2019,"B"
1014,"Produce","GoldTree",558.77,8.17,21,2016,"C"
1015,"Produce","GoldTree",637.31,8.15,21,2022,"C"
1016,"Snacks","StandardYums",466.16,6.38,22,2017,"B"
1017,"Bakery","TopBrand",462.84,10.92,14,2019,"B"
1018,"Meat","GoldTree",576.32,15.85,26,2016,"D"
1019,"Produce","GoldTree",531.96,8.23,21,2017,"A"
1020,"Produce","SmoothTaste",497.25,6.21,22,2021,"B"
1021,"Meat","Unknown",478.28,15.79,27,2018,"C"
1022,"Bakery","StandardYums",427.12,6.51,21,2021,"A"
1023,"Produce","SilverLake",459.95,8.23,22,2020,"B"
1024,"Produce","GoldTree",455.04,8.07,21,2020,"A"
1025,"Bakery","SmoothTaste",569.89,9.58,17,2022,"C"
1026,"Produce","GoldTree",664.42,8.11,21,2021,"C"
1027,"Produce","SmoothTaste",397.99,7.09,22,2018,"C"
1028,"Produce","GoldTree",535.34,8.06,21,2016,"D"
1029,"Produce","TopBrand",673.01,7.71,19,2019,"A"
1030,"Dairy","SmoothTaste",408.76,11.38,23,2016,"A"
1031,"Bakery","SilverLake",478.66,10.81,19,2015,"B"
1032,"Bakery","TastyTreat",499.28,9.21,16,2016,"D"
1033,"Meat","TopBrand",672.44,16.11,24,2017,"C"
1034,"Meat","TastyTreat",531.52,13.96,26,2022,"C"
1035,"Produce","GoldTree",443.96,7.9,21,2015,"D"
1036,"Dairy","YumMie",559.75,9.04,22,2016,"D"
1037,"Bakery","SmoothTaste",276.67,8.97,17,2021,"D"
1038,"Produce","YumMie",431.92,3.96,21,2015,"A"
1039,"Produce","GoldTree",403.78,8.03,21,2015,"A"
1040,"Produce","SmoothTaste",423.67,5.95,21,2015,"B"
1041,"Bakery","SilverLake",524.11,11.17,18,2022,"B"
1042,"Meat","GoldTree",570.5,16.13,26,2015,"C"
1043,"Dairy","SilverLake",420.01,13.05,23,2022,"D"
1044,"Snacks","YumMie",306.9,5.78,18,2020,"A"
1045,"Bakery","TastyTreat",572.44,8.67,17,2020,"C"
1046,"Meat","SmoothTaste",470.06,14.05,26,2021,"C"
1047,"Produce","SmoothTaste",556.13,5.42,23,2017,"A"
1048,"Dairy","GoldTree",434.82,12.88,22,2021,"C"
1049,"Produce","TopBrand",387.1,7.86,19,2019,"D"
1050,"Dairy","TastyTreat",618.5,12.33,22,2021,"C"
1051,"Snacks","StandardYums",383.57,6.31,23,2018,"D"
1052,"Produce","GoldTree",787.85,8.26,21,2017,"A"
1053,"Produce","TopBrand",633.76,7.92,19,2019,"D"
1054,"Meat","GoldTree",711.14,16.11,25,2017,"B"
1055,"Dairy","SilverLake",637.35,13.51,24,2021,"D"
1057,"Produce","TastyTreat",554.01,6.26,22,2016,"D"
1058,"Dairy","TopBrand",584.61,13.42,20,2022,"B"
1059,"Meat","TastyTreat",601.72,13.92,26,2015,"C"
1060,"Produce","GoldTree",486.49,7.98,21,2018,"A"
1061,"Produce","TopBrand",558.09,7.83,19,2022,"C"
1062,"Produce","SmoothTaste",614.9,5.64,22,2015,"B"
1063,"Bakery","TastyTreat",548.81,9.23,17,2017,"A"
1064,"Snacks","GoldTree",542.87,10,18,2016,"B"
1065,"Bakery","StandardYums",415.66,8.19,21,2016,"D"
1066,"Meat","SmoothTaste",507.33,14.13,27,2020,"D"
1067,"Meat","TastyTreat",551.02,13.93,26,2019,"C"
1068,"Produce","TopBrand",597.56,8.07,20,2016,"B"
1069,"Produce","GoldTree",407.31,8.09,21,2016,"A"
1070,"Dairy","TopBrand",592.52,12.72,20,2015,"D"
1071,"Dairy","TastyTreat",467.66,10.84,24,2020,"C"
1072,"Meat","TopBrand",554.02,16.6,23,2019,"C"
1073,"Dairy","TastyTreat",587.48,10.99,23,2015,"D"
1074,"Bakery","TopBrand",481.37,10.87,15,2018,"C"
1075,"Snacks","YumMie",371.21,6.21,18,2017,"D"
1076,"Meat","SmoothTaste",643.74,13.88,27,2019,"B"
1077,"Produce","GoldTree",554.3,7.98,21,2020,"D"
1078,"Meat","Unknown",382.62,14.22,26,2022,"D"
1079,"Meat","TastyTreat",501.6,14.01,26,2021,"C"
1080,"Produce","GoldTree",523.4,7.92,21,2016,"B"
1081,"Meat","TastyTreat",528.55,13.64,26,2022,"D"
1082,"Dairy","TastyTreat",533.92,11.78,22,2018,"B"
1083,"Produce","GoldTree",603.41,8.02,21,2017,"D"
1084,"Produce","GoldTree",514.98,7.92,21,2021,"A"
1085,"Produce","GoldTree",449.56,7.95,21,2022,"B"
1086,"Produce","Unknown",395.76,8.17,21,2020,"A"
1087,"Dairy","GoldTree",359.78,12.78,22,2016,"B"
1088,"Meat","SilverLake",551.99,15.87,28,2020,"C"
1089,"Meat","GoldTree",612.55,15.96,25,2020,"C"
1090,"Meat","SilverLake",482.89,16.09,27,2015,"C"
1091,"Snacks","StandardYums",349.03,6.06,22,2015,"C"
1092,"Dairy","TopBrand",506.54,13.19,20,2018,"C"
1093,"Bakery","TopBrand",679.98,10.98,14,2020,"A"
1094,"Dairy","TopBrand",451.66,12.97,20,2017,"A"
1095,"Dairy","TastyTreat",639.81,10.52,22,2019,"C"
1096,"Dairy","StandardYums",406.57,8.6,26,2015,"C"
1097,"Meat","TopBrand",442.71,16.52,24,2015,"C"
1098,"Snacks","StandardYums",378.26,6.69,24,2017,"C"
1099,"Produce","GoldTree",519.08,7.98,21,2022,"A"
1100,"Bakery","GoldTree",502.97,11.1,16,2019,"B"
1101,"Bakery","StandardYums",534.99,7.15,21,2022,"A"
1102,"Produce","GoldTree",508.54,7.91,21,2016,"A"
1103,"Meat","GoldTree",522.92,15.94,25,2021,"C"
1104,"Meat","TastyTreat",444.84,13.39,25,2017,"C"
1105,"Produce","SmoothTaste",362.49,6.13,22,2021,"C"
1106,"Dairy","GoldTree",428.75,13.21,22,2022,"C"
1107,"Produce","GoldTree",364.02,7.94,21,2017,"C"
1108,"Bakery","GoldTree",533.35,10.99,16,2022,"A"
1109,"Dairy","TastyTreat",689.62,11.45,23,2018,"A"
1110,"Dairy","SmoothTaste",510.38,11.21,23,2016,"B"
1111,"Bakery","GoldTree",432.33,11,16,2017,"D"
1112,"Dairy","GoldTree",620.81,13.21,22,2019,"C"
1113,"Snacks","TastyTreat",435.95,7.64,18,2021,"B"
1114,"Dairy","SmoothTaste",473.73,10.64,23,2019,"B"
1115,"Produce","SilverLake",592.4,7.94,22,2022,"A"
1116,"Produce","GoldTree",639.51,8,21,2022,"C"
1117,"Snacks","YumMie",357.48,5.98,17,2015,"B"
1118,"Meat","TopBrand",510.2,16.06,23,2016,"C"
1119,"Bakery","GoldTree",623.74,10.94,16,2016,"B"
1120,"Produce","TopBrand",593.68,8.33,19,2016,"C"
1121,"Produce","GoldTree",510.99,7.92,21,2019,"C"
1122,"Meat","SilverLake",500.17,15.8,28,2018,"B"
1123,"Meat","TastyTreat",675.3,14.43,26,2020,"A"
1124,"Bakery","TopBrand",407.25,10.76,14,2017,"C"
1125,"Meat","SilverLake",616.95,15.99,27,2021,"C"
1126,"Produce","GoldTree",567.27,8.08,21,2022,"A"
1127,"Meat","SmoothTaste",454.78,13.72,27,2018,"C"
1128,"Meat","GoldTree",517.17,16.07,25,2018,"D"
1129,"Produce","GoldTree",459.99,8.3,21,2018,"D"
1130,"Dairy","TastyTreat",402.03,12.51,22,2018,"C"
1131,"Snacks","YumMie",306.59,6.11,18,2015,"B"
1132,"Dairy","SmoothTaste",495.77,12.36,23,2018,"A"
1133,"Dairy","SmoothTaste",569.95,11.16,23,2020,"D"
1134,"Meat","TastyTreat",554.57,14.11,26,2017,"C"
1135,"Snacks","YumMie",365.96,6.04,18,2021,"B"
1136,"Meat","SmoothTaste",437.19,14.26,27,2019,"C"
1137,"Meat","StandardYums",427.01,12.19,31,2016,"C"
1138,"Dairy","TopBrand",725,12.87,20,2021,"C"
1139,"Dairy","SmoothTaste",507.38,10.64,23,2019,"D"
1140,"Produce","TastyTreat",480.85,6.59,21,2018,"B"
1141,"Bakery","GoldTree",657.35,11.02,16,2019,"C"
1142,"Produce","TopBrand",758.54,8.13,19,2022,"B"
1143,"Dairy","TastyTreat",539.93,10.86,22,2015,"A"
1144,"Bakery","TastyTreat",477.39,8.5,17,2022,"B"
1145,"Bakery","StandardYums",639.94,6.99,21,2022,"C"
1146,"Produce","GoldTree",478.86,8.12,21,2022,"B"
1147,"Meat","TastyTreat",560.1,13.46,26,2022,"A"
1148,"Produce","GoldTree",566.24,8.02,21,2018,"C"
1149,"Meat","GoldTree",445.09,16.01,25,2016,"D"
1150,"Meat","SilverLake",491.21,16.15,27,2022,"B"
1151,"Meat","StandardYums",621.83,12.11,30,2022,"A"
1152,"Produce","GoldTree",555.08,7.98,21,2015,"B"
1153,"Bakery","YumMie",558.08,6.93,16,2020,"C"
1154,"Produce","GoldTree",571.58,8.05,21,2015,"A"
1155,"Produce","SmoothTaste",407.14,6.22,21,2022,"D"
1156,"Dairy","GoldTree",482.06,13.14,22,2017,"A"
1157,"Produce","TastyTreat",391.72,6.76,22,2015,"A"
1158,"Snacks","GoldTree",453.75,9.84,18,2017,"B"
1159,"Meat","SilverLake",535.78,16.34,28,2016,"A"
1160,"Dairy","GoldTree",442.82,13.13,22,2017,"C"
1161,"Produce","GoldTree",467.47,8,21,2017,"C"
1162,"Snacks","TastyTreat",547.84,8.14,18,2018,"B"
1163,"Meat","GoldTree",614.51,16.09,26,2021,"D"
1164,"Produce","SilverLake",495.7,7.8,22,2019,"C"
1165,"Dairy","GoldTree",534.98,13.16,22,2015,"B"
1166,"Dairy","TopBrand",432.66,13.25,20,2022,"D"
1167,"Meat","SmoothTaste",565.46,14.43,27,2022,"D"
1168,"Dairy","Unknown",367.67,9.11,26,2017,"C"
1169,"Dairy","TopBrand",552.55,13.08,20,2017,"D"
1170,"Produce","TopBrand",577.29,7.96,19,2019,"A"
1171,"Meat","TopBrand",449.05,15.89,24,2018,"D"
1172,"Bakery","GoldTree",638.45,10.81,16,2018,"B"
1173,"Meat","TastyTreat",333.41,14.28,26,2018,"A"
1174,"Meat","TopBrand",473.45,15.91,23,2020,"C"
1175,"Meat","StandardYums",587.63,12.3,30,2021,"C"
1176,"Produce","GoldTree",573.36,8.15,21,2015,"D"
1177,"Bakery","SmoothTaste",495.97,8.9,17,2015,"B"
1178,"Dairy","TastyTreat",544.87,10.81,23,2022,"A"
1179,"Dairy","SmoothTaste",607.05,11.39,23,2019,"D"
1180,"Produce","GoldTree",431.85,8.2,21,2020,"A"
1181,"Bakery","SmoothTaste",590.51,9.17,17,2020,"D"
1182,"Snacks","YumMie",420.06,6.5,17,2016,"D"
1183,"Snacks","YumMie",428.16,5.96,18,2016,"B"
1184,"Dairy","StandardYums",564.08,9.63,26,2021,"C"
1185,"Meat","SmoothTaste",576.01,13.59,26,2019,"C"
1186,"Meat","TopBrand",558.03,16.21,24,2020,"A"
1187,"Meat","GoldTree",570.27,16.06,26,2021,"B"
1188,"Bakery","StandardYums",438.91,6.89,21,2022,"C"
1189,"Produce","GoldTree",591.47,8.04,21,2022,"A"
1190,"Dairy","GoldTree",611.96,13.1,22,2021,"B"
1191,"Snacks","YumMie",419.07,6,18,2015,"C"
1192,"Bakery","TastyTreat",474.41,8.91,17,2019,"C"
1193,"Dairy","TastyTreat",381.9,11.31,22,2022,"D"
1194,"Produce","SilverLake",495.62,8.27,22,2022,"D"
1195,"Produce","SilverLake",440.54,8.2,23,2020,"D"
1196,"Produce","GoldTree",649.16,8.02,21,2019,"C"
1197,"Meat","SilverLake",412.47,16.09,28,2021,"A"
1198,"Meat","StandardYums",650.2,12,30,2019,"C"
1199,"Meat","SmoothTaste",559.82,14.44,27,2017,"C"
1200,"Dairy","YumMie",628.86,9.14,22,2016,"D"
1201,"Produce","SmoothTaste",529.43,5.97,22,2021,"A"
1202,"Snacks","StandardYums",500.58,5.92,22,2022,"D"
1203,"Meat","TastyTreat",682.34,14.24,25,2018,"B"
1204,"Produce","SmoothTaste",476.74,6.45,22,2016,"C"
1205,"Produce","SilverLake",647.02,8.21,22,2022,"D"
1206,"Produce","SilverLake",410.27,7.73,22,2022,"B"
1207,"Produce","GoldTree",680.48,7.78,21,2018,"C"
1208,"Produce","GoldTree",439.36,8.14,21,2021,"C"
1209,"Produce","GoldTree",614.54,8.19,21,2018,"B"
1210,"Bakery","TopBrand",485.2,11,14,2020,"B"
1211,"Snacks","GoldTree",483.33,10.08,18,2019,"A"
1212,"Meat","StandardYums",464.71,12.48,30,2017,"D"
1213,"Meat","SilverLake",571.69,16.09,28,2018,"C"
1214,"Produce","TopBrand",471.15,8.21,18,2015,"A"
1215,"Dairy","YumMie",629.98,9,22,2018,"C"
1216,"Bakery","StandardYums",452.83,6.6,21,2015,"B"
1217,"Meat","YumMie",574.78,12.03,26,2022,"D"
1218,"Produce","TastyTreat",643.69,5.71,22,2015,"A"
1219,"Meat","SilverLake",757.87,15.98,27,2017,"C"
1220,"Produce","TopBrand",315.43,7.66,19,2022,"A"
1221,"Meat","SilverLake",544.74,15.86,27,2016,"C"
1222,"Produce","StandardYums",479.41,4.18,25,2015,"A"
1223,"Dairy","GoldTree",458.17,13.17,22,2018,"C"
1224,"Dairy","SmoothTaste",490.6,10.57,23,2020,"A"
1225,"Produce","SilverLake",430.42,7.87,22,2019,"B"
1226,"Meat","SilverLake",372.83,15.99,27,2022,"B"
1227,"Bakery","StandardYums",305.35,6.61,21,2020,"A"
1228,"Bakery","StandardYums",551.25,7.46,21,2020,"C"
1229,"Bakery","SmoothTaste",668.51,9.35,17,2018,"C"
1230,"Produce","GoldTree",566.07,8.04,21,2019,"A"
1231,"Dairy","TopBrand",648.83,12.58,20,2022,"D"
1232,"Snacks","TastyTreat",489.59,7.61,18,2022,"D"
1233,"Bakery","YumMie",337.06,6.97,16,2022,"C"
1234,"Dairy","SilverLake",493.96,12.79,23,2019,"D"
1235,"Snacks","YumMie",594.68,6.18,18,2019,"C"
1236,"Snacks","YumMie",394.77,5.82,18,2017,"C"
1237,"Produce","SilverLake",402.12,7.97,22,2022,"B"
1238,"Meat","SmoothTaste",416.9,13.91,29,2022,"B"
1239,"Meat","TopBrand",642.68,16.33,23,2015,"A"
1240,"Produce","GoldTree",606.01,8.11,21,2019,"C"
1241,"Produce","TastyTreat",567.13,5.63,22,2018,"A"
1242,"Bakery","TastyTreat",577.83,9.13,17,2022,"D"
1243,"Dairy","GoldTree",402.56,13.15,22,2016,"C"
1244,"Meat","YumMie",605.4,11.86,25,2019,"B"
1245,"Meat","GoldTree",510.39,16.08,25,2016,"C"
1246,"Meat","SilverLake",561.65,15.87,27,2016,"A"
1247,"Dairy","GoldTree",513.6,12.84,22,2022,"B"
1248,"Meat","GoldTree",427.04,16.1,25,2018,"A"
1249,"Meat","GoldTree",562.02,16.05,25,2022,"B"
1250,"Meat","TastyTreat",627.3,14.31,26,2018,"D"
1251,"Bakery","StandardYums",631.58,6.61,22,2021,"A"
1252,"Dairy","SilverLake",579.7,13.37,24,2020,"D"
1253,"Produce","GoldTree",513.66,8.02,21,2018,"D"
1254,"Bakery","TastyTreat",577.52,9.1,16,2021,"B"
1255,"Meat","GoldTree",558.38,16.14,26,2021,"B"
1256,"Produce","SilverLake",592.71,8,23,2019,"B"
1257,"Meat","TopBrand",575.96,15.83,24,2020,"A"
1258,"Bakery","SilverLake",568.91,11.37,18,2020,"D"
1259,"Meat","GoldTree",607.47,15.98,25,2022,"A"
1260,"Snacks","YumMie",368.85,6,17,2018,"B"
1261,"Dairy","YumMie",670.01,8.92,22,2015,"D"
1262,"Bakery","SmoothTaste",600.36,8.69,18,2020,"A"
1263,"Bakery","YumMie",455.04,6.97,16,2019,"D"
1264,"Produce","SilverLake",325.96,8.26,23,2021,"C"
1265,"Meat","SmoothTaste",458.21,13.98,27,2019,"B"
1266,"Bakery","TastyTreat",492.86,8.74,17,2018,"C"
1267,"Produce","TopBrand",349.72,7.84,19,2018,"D"
1268,"Dairy","SmoothTaste",605.33,11.36,23,2020,"D"
1269,"Dairy","SilverLake",369.28,13.22,23,2020,"B"
1270,"Produce","YumMie",536.38,4.26,21,2015,"D"
1271,"Produce","GoldTree",612.07,8.05,21,2020,"C"
1272,"Dairy","TopBrand",287.09,12.85,20,2015,"D"
1273,"Snacks","TastyTreat",410.35,9.36,18,2020,"C"
1274,"Snacks","StandardYums",415.62,6.45,22,2020,"B"
1275,"Produce","StandardYums",387.8,3.47,28,2015,"C"
1276,"Bakery","SmoothTaste",584.9,9,17,2016,"A"
1277,"Meat","SmoothTaste",444.58,13.83,27,2019,"D"
1278,"Meat","TastyTreat",630.35,13.65,26,2019,"C"
1279,"Bakery","TopBrand",620.15,11.15,14,2018,"B"
1280,"Bakery","StandardYums",459.58,6.83,20,2020,"B"
1281,"Meat","YumMie",489.91,11.95,25,2016,"B"
1282,"Snacks","YumMie",596.41,6.06,18,2018,"D"
1283,"Produce","SilverLake",343.67,7.95,22,2019,"B"
1284,"Produce","SilverLake",455,8.24,23,2022,"D"
1285,"Meat","SmoothTaste",536.01,13.67,27,2015,"B"
1286,"Produce","TopBrand",564.77,7.89,19,2015,"C"
1287,"Snacks","YumMie",380.06,5.87,18,2015,"B"
1288,"Meat","GoldTree",450.43,15.97,26,2017,"D"
1289,"Bakery","YumMie",353.74,7.14,16,2016,"B"
1290,"Produce","GoldTree",485.37,8.05,21,2018,"A"
1291,"Meat","SmoothTaste",573.55,13.9,26,2015,"A"
1292,"Snacks","TastyTreat",541.54,7.97,18,2020,"C"
1293,"Produce","SilverLake",328.28,8.02,22,2022,"A"
1294,"Snacks","YumMie",524.45,6.11,18,2017,"B"
1295,"Produce","SmoothTaste",571,5.9,22,2019,"B"
1296,"Bakery","SmoothTaste",429.81,9.25,18,2016,"A"
1297,"Bakery","YumMie",578.58,7.01,16,2018,"A"
1298,"Produce","TopBrand",498.1,8.15,19,2022,"C"
1299,"Snacks","SmoothTaste",616.09,7.78,19,2021,"B"
1300,"Dairy","SilverLake",582.93,12.91,23,2017,"B"
1301,"Meat","TopBrand",582.02,15.88,24,2021,"D"
1302,"Bakery","StandardYums",405.89,6.57,21,2017,"B"
1303,"Produce","TastyTreat",340.68,6.13,21,2022,"C"
1304,"Meat","SilverLake",652.55,16.07,27,2018,"C"
1305,"Meat","TopBrand",710.98,15.86,23,2017,"A"
1306,"Produce","GoldTree",522.05,7.98,21,2020,"D"
1307,"Meat","Unknown",445.84,15.86,23,2019,"B"
1308,"Bakery","TopBrand",409.36,10.84,14,2016,"C"
1309,"Meat","SilverLake",654.4,15.72,27,2015,"B"
1310,"Meat","GoldTree",674.63,16.1,26,2016,"A"
1311,"Dairy","TopBrand",307.94,13.35,20,2019,"B"
1312,"Snacks","SmoothTaste",480.41,7.62,19,2021,"D"
1313,"Meat","SilverLake",500.81,15.86,27,2022,"D"
1314,"Produce","TopBrand",412.72,7.82,19,2021,"D"
1315,"Bakery","YumMie",444.44,6.85,16,2016,"A"
1316,"Meat","GoldTree",506.07,16.2,26,2015,"D"
1317,"Meat","SmoothTaste",585.17,14.08,26,2022,"D"
1318,"Meat","SilverLake",683,16.04,27,2021,"B"
1319,"Meat","TastyTreat",661.27,13.95,26,2020,"A"
1320,"Produce","GoldTree",503.56,7.78,21,2022,"A"
1321,"Produce","GoldTree",578.14,7.91,21,2022,"B"
1322,"Produce","SmoothTaste",603.29,5.46,22,2019,"C"
1323,"Dairy","GoldTree",719.73,12.97,22,2017,"D"
1324,"Dairy","YumMie",387.54,9.04,22,2015,"B"
1325,"Dairy","StandardYums",390.96,8.63,27,2016,"B"
1326,"Meat","SmoothTaste",401.47,14.42,26,2015,"B"
1327,"Meat","StandardYums",634.96,12.01,30,2020,"B"
1328,"Produce","SilverLake",439.16,8.53,23,2017,"C"
1329,"Snacks","StandardYums",397.08,5.65,22,2019,"D"
1330,"Bakery","YumMie",478.59,7.05,16,2017,"D"
1331,"Dairy","TopBrand",423.17,13.29,20,2016,"A"
1332,"Bakery","TastyTreat",452.42,8.92,16,2019,"A"
1333,"Dairy","GoldTree",729.4,13.05,22,2022,"B"
1334,"Produce","TopBrand",221.7,7.98,19,2016,"B"
1335,"Dairy","SilverLake",532.54,12.93,24,2016,"D"
1336,"Dairy","TopBrand",505.21,13.22,20,2020,"C"
1337,"Produce","GoldTree",596.11,7.96,21,2018,"C"
1338,"Meat","TastyTreat",389.71,14.7,27,2020,"C"
1339,"Dairy","GoldTree",402.71,13.19,22,2018,"D"
1340,"Produce","GoldTree",462.84,7.82,21,2019,"A"
1341,"Bakery","StandardYums",357.81,6.67,22,2022,"A"
1342,"Dairy","GoldTree",536.7,13.17,22,2019,"B"
1343,"Bakery","TastyTreat",712.92,9.27,17,2022,"C"
1344,"Bakery","SmoothTaste",615.94,9.04,18,2021,"B"
1345,"Produce","SilverLake",247,8.02,22,2018,"C"
1346,"Meat","GoldTree",364.56,15.83,26,2017,"A"
1347,"Bakery","SilverLake",510.32,10.93,18,2017,"B"
1348,"Bakery","GoldTree",642.98,11.03,16,2017,"B"
1349,"Produce","GoldTree",490.26,7.81,21,2016,"B"
1350,"Dairy","GoldTree",541.22,12.8,22,2015,"C"
1351,"Bakery","StandardYums",388.55,6.43,21,2017,"B"
1352,"Meat","SmoothTaste",318.89,14.22,27,2017,"C"
1353,"Meat","SilverLake",432.63,16.04,27,2019,"A"
1354,"Bakery","SmoothTaste",521.3,8.78,18,2015,"C"
1355,"Meat","StandardYums",483.55,11.68,30,2015,"B"
1356,"Dairy","TastyTreat",418.98,10.51,23,2022,"B"
1357,"Meat","SilverLake",561.7,16.44,27,2015,"C"
1358,"Produce","GoldTree",406.5,7.98,21,2021,"B"
1359,"Produce","GoldTree",418.58,7.9,21,2022,"B"
1360,"Produce","SmoothTaste",473.68,5.78,22,2017,"B"
1361,"Dairy","StandardYums",469.07,8.61,27,2015,"C"
1362,"Meat","SmoothTaste",458.21,14.33,26,2021,"B"
1363,"Produce","SmoothTaste",416.42,6.48,21,2017,"B"
1364,"Dairy","TastyTreat",566.72,10.64,22,2022,"A"
1365,"Bakery","StandardYums",344.26,7.83,21,2017,"A"
1366,"Meat","TopBrand",654.59,15.55,24,2022,"B"
1367,"Dairy","TastyTreat",542.87,11.73,22,2018,"C"
1368,"Produce","GoldTree",515.24,8.05,21,2016,"D"
1369,"Produce","TopBrand",609.08,7.74,19,2017,"D"
1370,"Produce","TastyTreat",491.09,6.04,21,2021,"C"
1371,"Bakery","YumMie",546.32,7.05,16,2022,"D"
1372,"Produce","SmoothTaste",463.29,6.23,22,2015,"B"
1373,"Bakery","SilverLake",424.37,10.97,18,2021,"C"
1374,"Bakery","TastyTreat",459.78,9.19,17,2022,"B"
1375,"Bakery","GoldTree",490.7,10.96,16,2019,"A"
1376,"Meat","TopBrand",363.85,16.16,24,2022,"D"
1377,"Dairy","TopBrand",589.53,13.37,20,2017,"C"
1378,"Dairy","TastyTreat",514.94,11.37,22,2016,"B"
1379,"Dairy","SmoothTaste",594.62,10.71,23,2015,"D"
1380,"Snacks","StandardYums",202.07,5.61,22,2019,"C"
1381,"Produce","SmoothTaste",535.06,5.82,22,2017,"D"
1382,"Meat","SilverLake",746.32,16.1,27,2015,"D"
1383,"Produce","GoldTree",483.44,8.01,21,2019,"A"
1384,"Meat","TopBrand",502.76,15.78,24,2019,"D"
1385,"Snacks","YumMie",350.37,5.83,18,2017,"C"
1386,"Produce","StandardYums",464.03,6.28,25,2017,"C"
1387,"Produce","SmoothTaste",401.18,5.67,22,2020,"D"
1388,"Dairy","TopBrand",460.75,12.97,20,2015,"C"
1389,"Produce","SilverLake",586.33,8.14,22,2021,"B"
1390,"Produce","SmoothTaste",425.26,5.84,22,2022,"D"
1391,"Bakery","SmoothTaste",616.57,10.02,17,2022,"B"
1392,"Snacks","StandardYums",399.04,5.9,22,2020,"C"
1393,"Produce","SmoothTaste",302.94,6.19,21,2017,"C"
1394,"Dairy","SilverLake",395.49,13.59,24,2015,"B"
1395,"Meat","SilverLake",511.36,16.11,27,2022,"C"
1396,"Bakery","TopBrand",351.41,10.94,14,2020,"D"
1397,"Meat","TopBrand",503.31,15.73,23,2015,"C"
1398,"Snacks","TopBrand",669.09,10,16,2018,"A"
1399,"Produce","TastyTreat",440.14,5.61,21,2016,"B"
1400,"Meat","SilverLake",575.36,15.55,27,2015,"D"
1401,"Bakery","SmoothTaste",409.16,8.74,18,2021,"A"
1402,"Bakery","TopBrand",571.63,11.04,15,2021,"A"
1403,"Dairy","StandardYums",573.48,9.15,26,2017,"D"
1404,"Dairy","StandardYums",532.07,8.54,26,2018,"D"
1405,"Dairy","TopBrand",673.49,12.61,20,2022,"D"
1406,"Snacks","YumMie",398.51,6.32,17,2022,"A"
1407,"Dairy","StandardYums",499.59,9.16,28,2022,"D"
1408,"Dairy","Unknown",628.38,10.67,23,2017,"D"
1409,"Dairy","SilverLake",505.4,12.92,23,2016,"A"
1410,"Meat","SmoothTaste",475.1,14.02,27,2017,"C"
1411,"Dairy","SilverLake",607.85,12.76,23,2022,"D"
1412,"Produce","GoldTree",336.73,7.84,21,2020,"D"
1413,"Produce","SilverLake",503.55,7.8,22,2022,"B"
1414,"Bakery","SmoothTaste",330.29,8.79,17,2022,"D"
1415,"Produce","GoldTree",401.82,8.09,21,2020,"A"
1416,"Bakery","TastyTreat",436.61,8.72,17,2020,"D"
1417,"Bakery","StandardYums",432.66,7.62,21,2022,"C"
1418,"Meat","TopBrand",749.53,15.83,24,2020,"D"
1419,"Produce","GoldTree",557.05,7.98,21,2022,"B"
1420,"Meat","SmoothTaste",561.89,13.6,27,2016,"A"
1421,"Meat","GoldTree",631.22,16.03,25,2018,"B"
1422,"Bakery","SmoothTaste",537.29,9.26,17,2020,"B"
1423,"Snacks","TastyTreat",584.52,7.6,18,2017,"D"
1424,"Dairy","StandardYums",613.04,8.61,26,2022,"A"
1425,"Dairy","TopBrand",405.51,12.87,20,2019,"A"
1426,"Dairy","SilverLake",522.26,13.1,23,2019,"C"
1427,"Bakery","StandardYums",568.43,6.26,20,2020,"A"
1428,"Produce","TopBrand",398.92,8.04,19,2020,"A"
1429,"Meat","GoldTree",681.53,15.94,26,2021,"D"
1430,"Produce","GoldTree",465.16,8.24,21,2017,"D"
1431,"Dairy","StandardYums",468.03,9.5,26,2018,"C"
1432,"Snacks","StandardYums",559.68,6.6,23,2019,"B"
1433,"Dairy","YumMie",395.83,8.79,22,2018,"B"
1434,"Dairy","StandardYums",526.74,9.15,26,2022,"D"
1435,"Bakery","TopBrand",407.87,10.84,14,2018,"D"
1436,"Dairy","SmoothTaste",626.17,10.91,23,2022,"C"
1437,"Bakery","TopBrand",655.45,10.91,14,2022,"D"
1438,"Bakery","TopBrand",506.38,10.86,14,2021,"A"
1439,"Produce","TopBrand",526.51,7.93,19,2016,"D"
1440,"Produce","GoldTree",553.81,8.21,21,2017,"D"
1441,"Bakery","TastyTreat",607.47,9.35,17,2015,"B"
1442,"Bakery","GoldTree",617.2,10.92,16,2019,"B"
1443,"Dairy","SmoothTaste",676.7,11.15,23,2021,"B"
1444,"Bakery","SmoothTaste",462.45,9.19,18,2016,"D"
1445,"Bakery","TastyTreat",528.86,8.59,16,2021,"A"
1446,"Dairy","GoldTree",555.69,13.01,22,2017,"B"
1447,"Produce","StandardYums",407.21,5.38,26,2021,"B"
1448,"Bakery","YumMie",552.8,7.2,16,2015,"A"
1449,"Snacks","StandardYums",295.97,6.98,22,2017,"B"
1450,"Dairy","Unknown",352.55,13.39,23,2021,"C"
1451,"Produce","SilverLake",549.19,7.88,23,2016,"A"
1452,"Produce","GoldTree",464.76,8.19,21,2018,"A"
1453,"Produce","GoldTree",638.81,7.98,21,2020,"A"
1454,"Dairy","StandardYums",413.76,8.47,26,2022,"B"
1455,"Dairy","Unknown",535.33,10.6,23,2021,"D"
1456,"Snacks","SmoothTaste",504.16,7.46,19,2016,"D"
1457,"Produce","SilverLake",569.86,7.57,22,2021,"A"
1458,"Meat","TastyTreat",510.26,14.43,26,2022,"B"
1459,"Meat","GoldTree",468.73,15.93,25,2022,"C"
1460,"Bakery","StandardYums",468.69,8.14,21,2017,"A"
1461,"Dairy","SmoothTaste",469.19,11.91,23,2019,"D"
1462,"Bakery","YumMie",297.34,7.07,16,2020,"D"
1463,"Produce","TopBrand",487.31,7.64,19,2018,"C"
1464,"Meat","TastyTreat",641.56,14.16,25,2020,"C"
1465,"Snacks","SmoothTaste",374.78,7.96,20,2021,"C"
1466,"Produce","GoldTree",724.65,8.06,21,2018,"B"
1467,"Produce","GoldTree",555.46,7.92,21,2015,"C"
1468,"Meat","SilverLake",582.28,15.77,28,2022,"A"
1469,"Bakery","SmoothTaste",521.2,9.61,17,2022,"C"
1470,"Meat","TastyTreat",479.28,13.72,27,2015,"C"
1471,"Bakery","StandardYums",477.31,7.5,20,2020,"C"
1472,"Produce","GoldTree",642.1,8.08,21,2015,"D"
1473,"Dairy","TopBrand",453.71,13.69,20,2015,"B"
1474,"Bakery","SmoothTaste",529.05,8.78,17,2018,"D"
1475,"Dairy","SmoothTaste",549.01,10.9,23,2019,"B"
1476,"Snacks","TastyTreat",479.23,7.84,19,2019,"A"
1477,"Dairy","TastyTreat",531.52,12.44,22,2016,"C"
1478,"Snacks","SmoothTaste",340.51,8.21,18,2018,"D"
1479,"Dairy","GoldTree",406.17,12.94,22,2022,"A"
1480,"Produce","GoldTree",362.4,8.01,21,2015,"C"
1481,"Dairy","GoldTree",357.07,12.97,22,2022,"A"
1482,"Bakery","TastyTreat",419.75,8.68,17,2021,"C"
1483,"Meat","GoldTree",570.33,15.91,25,2016,"D"
1484,"Produce","SmoothTaste",397.9,6.05,22,2021,"A"
1485,"Produce","GoldTree",475.02,8.34,21,2022,"D"
1486,"Snacks","SmoothTaste",577.97,7.82,18,2022,"B"
1487,"Snacks","YumMie",363.55,5.95,18,2016,"B"
1488,"Produce","GoldTree",418.2,8.07,21,2019,"B"
1489,"Produce","SilverLake",464.5,7.89,23,2022,"D"
1490,"Dairy","GoldTree",618.44,12.95,22,2022,"A"
1491,"Produce","SmoothTaste",313.5,5.92,22,2016,"B"
1492,"Meat","GoldTree",535.13,15.86,26,2022,"D"
1493,"Snacks","SmoothTaste",713.33,7.82,19,2018,"B"
1494,"Bakery","YumMie",393.49,6.85,16,2017,"C"
1495,"Meat","GoldTree",537.49,15.99,26,2021,"C"
1496,"Produce","StandardYums",338.36,3.53,25,2016,"D"
1497,"Bakery","TastyTreat",486.37,8.87,17,2017,"B"
1498,"Dairy","YumMie",557.45,9.08,22,2015,"B"
1499,"Meat","StandardYums",493.36,12.37,30,2022,"A"
1500,"Meat","TastyTreat",615.84,14.78,27,2022,"A"
1501,"Meat","SilverLake",543.02,16.58,27,2016,"A"
1502,"Snacks","GoldTree",482.16,10.28,18,2021,"A"
1503,"Dairy","SilverLake",511.94,13.02,24,2017,"D"
1504,"Bakery","TopBrand",527.9,11.23,14,2018,"A"
1505,"Dairy","YumMie",435.6,8.94,22,2022,"B"
1506,"Dairy","SilverLake",397.82,12.84,24,2017,"A"
1507,"Meat","TastyTreat",509.64,14.88,26,2020,"B"
1508,"Bakery","SmoothTaste",499.9,8.54,18,2019,"D"
1509,"Dairy","SmoothTaste",560.08,11.21,23,2016,"D"
1510,"Produce","GoldTree",592.12,8.16,21,2019,"A"
1511,"Dairy","TopBrand",476.67,12.88,20,2019,"B"
1512,"Bakery","YumMie",441,7.15,17,2018,"D"
1513,"Meat","GoldTree",502.29,15.95,25,2016,"B"
1514,"Meat","SilverLake",390.16,16.08,27,2017,"B"
1515,"Bakery","StandardYums",455.14,7.55,22,2020,"A"
1516,"Produce","GoldTree",584.44,7.98,21,2018,"C"
1517,"Dairy","GoldTree",442.86,13.01,22,2018,"B"
1518,"Produce","TastyTreat",332.35,5.76,21,2017,"D"
1519,"Produce","SilverLake",587.09,7.99,22,2018,"D"
1520,"Dairy","SmoothTaste",446.01,11.08,23,2018,"A"
1521,"Dairy","GoldTree",413.79,13.04,22,2019,"B"
1522,"Produce","TastyTreat",417.15,5.99,22,2017,"B"
1523,"Meat","SmoothTaste",580.32,13.93,26,2018,"C"
1524,"Produce","TopBrand",538.08,8.11,19,2020,"A"
1525,"Meat","TastyTreat",356.93,14.07,26,2015,"C"
1526,"Produce","SmoothTaste",273.49,5.75,22,2016,"B"
1527,"Produce","GoldTree",431.83,7.97,21,2015,"C"
1528,"Bakery","SilverLake",676.85,11.48,18,2017,"B"
1529,"Produce","TopBrand",467.3,8.57,19,2015,"D"
1530,"Meat","TopBrand",329.13,15.96,23,2022,"B"
1531,"Produce","GoldTree",512.42,8.08,21,2021,"D"
1532,"Meat","SmoothTaste",674.68,13.77,26,2021,"B"
1533,"Bakery","GoldTree",534.23,10.91,16,2017,"B"
1534,"Produce","StandardYums",454.45,4.49,26,2021,"D"
1535,"Meat","GoldTree",617.21,16.11,25,2020,"C"
1536,"Snacks","StandardYums",498.67,7.04,22,2022,"C"
1537,"Meat","TastyTreat",546.06,14.07,25,2021,"C"
1538,"Snacks","YumMie",407.33,5.92,17,2020,"D"
1539,"Produce","Unknown",617.09,6.52,21,2022,"A"
1540,"Dairy","StandardYums",489.73,9.1,26,2017,"B"
1541,"Snacks","YumMie",548.4,6.09,18,2022,"D"
1542,"Produce","GoldTree",508.23,7.83,21,2020,"B"
1543,"Meat","GoldTree",435.54,16.05,26,2022,"D"
1544,"Dairy","GoldTree",542.53,12.96,22,2021,"D"
1545,"Meat","YumMie",512.03,11.85,26,2017,"D"
1546,"Meat","TopBrand",435.2,15.89,23,2022,"A"
1547,"Dairy","TopBrand",646.93,12.96,20,2017,"A"
1548,"Dairy","StandardYums",707.19,8.79,26,2022,"D"
1549,"Produce","SilverLake",409,7.85,23,2021,"D"
1550,"Produce","GoldTree",557.96,7.92,21,2022,"C"
1551,"Produce","TopBrand",376.83,7.81,19,2021,"C"
1552,"Meat","SmoothTaste",338.12,13.49,27,2022,"D"
1553,"Produce","TopBrand",419.09,8.29,19,2015,"A"
1554,"Meat","TopBrand",360.55,16.02,24,2022,"B"
1555,"Dairy","TopBrand",369.58,13.38,20,2017,"D"
1556,"Produce","SilverLake",394.24,7.73,23,2018,"A"
1557,"Bakery","StandardYums",398.66,6.87,21,2015,"C"
1558,"Produce","TopBrand",594.34,8.54,19,2021,"A"
1559,"Dairy","SilverLake",456.31,13.11,23,2020,"C"
1560,"Bakery","TastyTreat",572.55,9.26,16,2018,"C"
1561,"Dairy","TopBrand",524.56,13.05,20,2021,"D"
1562,"Produce","TastyTreat",413.24,6.07,22,2015,"A"
1563,"Dairy","StandardYums",369.72,10.17,26,2017,"C"
1564,"Meat","GoldTree",536.45,16.2,26,2018,"B"
1565,"Produce","TopBrand",540.74,7.74,19,2021,"B"
1566,"Produce","SmoothTaste",362.32,5.54,22,2020,"C"
1567,"Produce","GoldTree",414.6,8.03,21,2016,"D"
1568,"Snacks","TopBrand",529.7,10.72,16,2022,"B"
1569,"Bakery","TopBrand",409.52,11.18,15,2021,"A"
1570,"Bakery","TopBrand",352.91,11.63,14,2020,"B"
1571,"Bakery","SilverLake",604.99,11,18,2018,"A"
1572,"Snacks","TastyTreat",519.24,7.94,18,2018,"D"
1573,"Produce","SilverLake",515.03,8.22,23,2022,"B"
1574,"Meat","SilverLake",537.11,15.87,27,2015,"C"
1575,"Dairy","TastyTreat",592.26,11.27,22,2017,"D"
1576,"Bakery","YumMie",666.41,7.09,16,2022,"B"
1577,"Produce","GoldTree",617.85,8.01,21,2019,"D"
1578,"Bakery","GoldTree",500.9,11.01,16,2022,"D"
1579,"Snacks","YumMie",650.21,6.15,17,2016,"A"
1580,"Bakery","TastyTreat",345.44,9.16,16,2018,"B"
1581,"Produce","TopBrand",368.85,8.11,19,2017,"A"
1582,"Produce","StandardYums",385.93,3.46,25,2020,"D"
1583,"Bakery","YumMie",537.37,6.73,16,2018,"A"
1584,"Produce","GoldTree",324.25,8.12,21,2021,"C"
1585,"Bakery","TopBrand",565.47,10.91,15,2022,"B"
1586,"Produce","SilverLake",620.13,8.15,22,2022,"C"
1587,"Produce","TopBrand",443.46,8.34,19,2018,"D"
1588,"Dairy","SilverLake",519.71,13.18,24,2016,"B"
1589,"Meat","YumMie",469.29,11.66,26,2016,"A"
1590,"Dairy","StandardYums",464.95,9.55,26,2022,"A"
1591,"Produce","SilverLake",664.88,7.89,23,2017,"B"
1592,"Produce","SmoothTaste",399.24,6.63,22,2022,"C"
1593,"Bakery","SilverLake",402.35,11.04,18,2021,"B"
1594,"Produce","SmoothTaste",554.79,5.71,21,2021,"A"
1595,"Produce","TopBrand",525.69,7.73,20,2020,"D"
1596,"Produce","SilverLake",506.06,7.95,23,2016,"A"
1597,"Bakery","SilverLake",686.43,11.02,18,2019,"D"
1598,"Dairy","SilverLake",386.86,12.87,23,2021,"A"
1599,"Meat","GoldTree",415.32,16.1,26,2016,"C"
1600,"Meat","SmoothTaste",472.07,14.11,27,2022,"D"
1601,"Dairy","StandardYums",696.22,8.65,27,2020,"D"
1602,"Snacks","YumMie",390.58,6.26,18,2019,"C"
1603,"Snacks","YumMie",391.73,6.25,18,2020,"D"
1604,"Dairy","TopBrand",489.54,12.81,20,2022,"A"
1605,"Bakery","TopBrand",526.78,10.72,14,2017,"D"
1606,"Snacks","StandardYums",394.07,6.73,22,2022,"A"
1607,"Dairy","TastyTreat",401.94,12.62,22,2022,"B"
1608,"Produce","GoldTree",409.44,7.98,21,2016,"B"
1609,"Produce","TastyTreat",645.87,6.18,21,2018,"C"
1610,"Bakery","TastyTreat",450.17,10.03,16,2019,"C"
1611,"Produce","GoldTree",534.51,7.91,21,2015,"A"
1612,"Produce","SilverLake",426.82,8.35,23,2015,"C"
1613,"Produce","TastyTreat",545.6,6.98,22,2018,"C"
1614,"Dairy","TastyTreat",477.36,11.53,22,2018,"D"
1615,"Meat","TopBrand",578.88,15.9,23,2021,"C"
1616,"Produce","SmoothTaste",498.66,6.04,22,2015,"B"
1617,"Meat","GoldTree",483.93,15.92,25,2022,"A"
1618,"Produce","TopBrand",426.12,8.06,19,2015,"D"
1619,"Meat","TastyTreat",460.41,14.04,28,2018,"B"
1620,"Snacks","TastyTreat",312.32,8.01,18,2017,"B"
1621,"Snacks","YumMie",487.79,6.09,18,2022,"A"
1622,"Meat","GoldTree",450.7,16.05,26,2016,"B"
1623,"Dairy","TastyTreat",267.3,11.69,22,2017,"A"
1624,"Produce","SmoothTaste",480.62,5.96,21,2015,"C"
1625,"Dairy","YumMie",285.23,8.9,22,2022,"D"
1626,"Meat","SmoothTaste",585.62,14.1,26,2021,"C"
1627,"Produce","TastyTreat",493.55,5.89,21,2021,"D"
1628,"Dairy","SilverLake",458.26,13.58,23,2021,"A"
1629,"Dairy","StandardYums",450.61,8.33,26,2016,"B"
1630,"Bakery","YumMie",387.86,7.42,17,2016,"D"
1631,"Produce","GoldTree",582.84,8.07,21,2020,"B"
1632,"Snacks","TastyTreat",550.68,8.05,19,2022,"B"
1633,"Produce","GoldTree",608.37,7.96,21,2019,"D"
1634,"Meat","TopBrand",549.59,16.55,24,2020,"C"
1635,"Produce","GoldTree",501.87,7.9,21,2016,"D"
1636,"Meat","TastyTreat",554.41,13.67,26,2022,"B"
1637,"Produce","TopBrand",466.17,7.97,19,2016,"D"
1638,"Dairy","StandardYums",388.84,8.53,26,2018,"C"
1639,"Meat","SilverLake",785.57,16.39,28,2015,"C"
1640,"Produce","GoldTree",378.25,8.16,21,2015,"B"
1641,"Bakery","YumMie",632.04,7.05,16,2022,"D"
1642,"Meat","GoldTree",432.21,15.96,25,2022,"D"
1643,"Bakery","TastyTreat",443.89,9.12,17,2022,"B"
1644,"Dairy","SilverLake",514.49,13.11,23,2015,"B"
1645,"Dairy","GoldTree",519.72,12.99,22,2021,"B"
1646,"Dairy","SilverLake",538.05,12.87,23,2016,"D"
1647,"Dairy","GoldTree",502.74,13.16,22,2016,"C"
1648,"Dairy","GoldTree",392.45,13.11,22,2022,"D"
1649,"Dairy","StandardYums",704.12,8.81,27,2016,"A"
1650,"Bakery","SilverLake",415.91,10.8,18,2017,"C"
1651,"Produce","SilverLake",548.71,8.28,22,2019,"B"
1652,"Meat","GoldTree",439.41,16.14,26,2022,"A"
1653,"Snacks","YumMie",519.26,6.17,18,2018,"B"
1654,"Dairy","TastyTreat",399.05,11.11,22,2020,"A"
1655,"Dairy","StandardYums",487.41,9.2,27,2021,"A"
1656,"Produce","StandardYums",629.7,3.67,25,2020,"B"
1657,"Meat","GoldTree",476.96,15.86,25,2016,"D"
1658,"Meat","TastyTreat",486.56,14.46,26,2019,"D"
1659,"Produce","TastyTreat",425.57,5.94,21,2019,"D"
1660,"Meat","StandardYums",559.39,11.98,30,2016,"B"
1661,"Meat","SmoothTaste",509.69,14.24,26,2022,"A"
1662,"Bakery","StandardYums",447.48,7.22,21,2015,"D"
1663,"Dairy","GoldTree",562.6,13.05,22,2015,"D"
1664,"Produce","GoldTree",436.65,7.99,21,2016,"C"
1665,"Produce","GoldTree",478.16,7.88,21,2022,"B"
1666,"Dairy","GoldTree",570.36,13.14,22,2022,"D"
1667,"Meat","GoldTree",465.9,15.91,26,2017,"D"
1668,"Bakery","SmoothTaste",298.13,9.04,17,2015,"C"
1669,"Meat","TopBrand",767.52,15.99,24,2022,"A"
1670,"Meat","TopBrand",571.67,16,24,2015,"C"
1671,"Produce","GoldTree",541.26,8.02,21,2021,"A"
1672,"Produce","GoldTree",441.9,7.95,21,2022,"D"
1673,"Bakery","GoldTree",413.57,11.07,16,2022,"A"
1674,"Bakery","TopBrand",364.79,10.86,14,2018,"A"
1675,"Snacks","SmoothTaste",461.79,8.05,19,2020,"B"
1676,"Bakery","StandardYums",502.49,6.92,21,2017,"D"
1677,"Produce","GoldTree",562.41,7.99,21,2021,"A"
1678,"Bakery","TopBrand",453.55,10.9,15,2017,"C"
1679,"Snacks","SmoothTaste",638.64,8.11,19,2022,"D"
1680,"Meat","SmoothTaste",618.63,14.44,26,2019,"A"
1681,"Produce","SilverLake",425.89,7.67,22,2021,"A"
1682,"Produce","GoldTree",617.38,8.09,21,2022,"A"
1683,"Produce","SilverLake",370.43,7.96,23,2022,"A"
1684,"Dairy","SilverLake",420.41,13.47,24,2018,"D"
1685,"Produce","GoldTree",555.93,8.07,21,2018,"A"
1686,"Meat","GoldTree",658.6,16.07,25,2022,"D"
1687,"Snacks","StandardYums",521.67,6.12,22,2018,"C"
1688,"Produce","SilverLake",387.22,8.11,22,2015,"D"
1689,"Dairy","SilverLake",566.17,12.92,24,2017,"D"
1690,"Bakery","StandardYums",407.41,7.38,21,2015,"A"
1691,"Snacks","TastyTreat",588.59,8.33,18,2016,"A"
1692,"Bakery","StandardYums",551.86,6.62,21,2021,"C"
1693,"Meat","SilverLake",561.89,15.98,28,2022,"D"
1694,"Meat","GoldTree",525.51,16,25,2021,"B"
1695,"Dairy","TopBrand",376.55,12.88,20,2022,"B"
1696,"Meat","TastyTreat",503.99,14.08,25,2017,"A"
1697,"Meat","GoldTree",526.89,16.13,25,2016,"D"
1698,"Bakery","YumMie",583.85,7.05,16,2021,"A"
1699,"Produce","TopBrand",441.64,8.1,19,2019,"A"
1700,"Meat","TopBrand",518.6,15.89,24,2021,"A"